"BVA","CHO","ELK","LAK","MAR","SFS","VAL"
4.69,3.25,4.68,2.54,2.96,3.94,6.19
4.43,3.08,4.42,2.29,2.35,3.75,5.2
4.53,3.15,4.53,2.39,2.56,3.74,5.59
4.8,3.33,4.8,2.65,3.11,3.9,6.17
4.84,3.35,4.83,2.68,3.07,3.51,5.45
5.39,3.72,5.39,3.2,4.19,4.33,6.88
5.24,3.62,5.24,3.06,3.67,3.88,6.22
5.19,3.59,5.19,3.01,3.29,4.27,6.03
5.33,3.68,5.32,3.14,3.77,4.14,6.28
5.45,3.76,5.44,3.25,3.66,4.22,6.99
5.34,3.69,5.34,3.16,2.96,3.88,6.28
6,4.14,6.01,3.78,3.97,5.08,8.02
6.05,4.17,6.06,3.83,3.12,5.08,8.49
5.92,4.08,5.92,3.7,2.94,5.25,8.48
5.41,3.73,5.41,3.22,2.73,4.44,7.25
5.02,3.47,5.01,2.85,3.04,3.71,6.68
4.6,3.19,4.6,2.46,2.6,2.75,4.86
5.46,3.77,5.46,3.27,4.29,3.73,6.33
6.34,4.36,6.35,4.1,4.9,4.3,7.47
7.3,5,7.31,5,6.09,5.12,8.68
7.89,5.4,7.9,5.56,6.56,5.43,9.22
8.26,5.65,8.27,5.91,6.93,5.51,9.91
8.3,5.68,8.32,5.95,6.8,4.96,10.45
8.17,5.59,8.19,5.83,6.51,4.65,10.1
8.26,5.65,8.27,5.91,6.37,4.77,10.15
8.71,5.95,8.73,6.33,7.31,5.18,10.66
9.05,6.18,9.08,6.66,7,5.47,11.5
9.45,6.45,9.47,7.03,8.26,5.78,12.18
9.02,6.16,9.04,6.63,7.52,5.03,11.24
8.59,5.87,8.61,6.23,7.01,5.12,9.85
8.64,5.9,8.66,6.27,7.29,5.43,9.95
8.77,5.99,8.79,6.39,7.61,5.63,10.29
8.66,5.92,8.68,6.29,7.2,5.44,9.9
8.78,6,8.8,6.4,7.21,5.56,10.09
9.14,6.24,9.16,6.74,7.67,5.86,10.66
9.5,6.48,9.52,7.08,8.03,6.18,11.1
9.74,6.65,9.77,7.31,8.37,6.3,11.46
9.77,6.67,9.8,7.34,8.16,6.41,11.2
9.89,6.74,9.92,7.45,8.6,6.67,11.29
9.75,6.65,9.78,7.32,8.25,6.56,10.84
9.75,6.65,9.77,7.31,8.29,6.52,10.84
9.84,6.71,9.87,7.41,8.49,6.79,11.1
9.74,6.65,9.77,7.31,7.86,6.74,10.6
10.09,6.88,10.12,7.64,8.71,7.25,11.06
10.29,7.01,10.32,7.83,8.41,7.42,10.56
11.11,7.56,11.14,8.6,9.53,8.11,12.13
11.77,8.01,11.81,9.23,10.39,8.74,13.25
11.74,7.98,11.78,9.2,10.27,8.41,13.23
11.24,7.65,11.28,8.72,9.83,8.37,12.41
10.26,6.99,10.29,7.8,8.74,7.85,11
9.1,6.21,9.12,6.7,7.11,6.54,9.57
8.57,5.86,8.59,6.21,7.03,6.47,8.9
8.29,5.67,8.31,5.94,6.39,6.18,8.57
8.62,5.36,8.64,6.25,7.08,6.88,8.27
9.86,6.18,9.88,7.42,8.68,7.69,10.31
11.23,7.13,11.27,9.16,9.91,8.8,11.86
12.34,8.02,12.38,10.7,8.85,10.11,13.06
13.97,8.42,14.03,11.47,15.69,10.79,13.5
14.28,8.81,14.34,12.18,12.96,11.5,14.31
14.52,9.05,14.59,12.96,13.07,12.28,14.52
14.07,8.58,14.13,12.49,12.03,11.66,13.68
13.94,8.36,14,11.91,13.02,11.45,13.41
13.88,8.4,13.93,11.57,13.13,11.25,13.25
13.99,8.49,14.04,11.6,12.68,11.75,13.59
14.32,8.67,14.38,11.9,14.24,11.76,13.67
14.32,8.87,14.38,12.3,12.42,12.19,13.82
14.55,8.86,14.61,12.56,12.73,12.42,14.4
14.81,9.07,14.87,12.71,13.05,13.16,14.56
14.82,9.02,14.88,12.53,13.53,12.72,14.42
14.76,9.55,14.82,13.18,10.08,13.33,15.04
15.42,10.12,15.49,14.14,10.83,14.41,16.03
15.84,10.18,15.91,14.26,12.54,14.57,16.03
15.76,10.1,15.83,13.68,12.47,14.49,15.92
15.54,9.84,15.61,13.1,12.31,14.16,15.75
15.53,9.79,15.6,13.62,10.98,14.36,16.39
15.92,10.19,15.99,14.09,12.49,14.92,16.54
15.65,9.71,15.72,14.34,11.57,14.51,15.32
15.87,9.69,15.94,14.22,11.41,15.25,16.54
16.27,9.95,16.34,14.83,11.68,15.99,16.56
16.77,10.59,16.85,15.38,11.57,16.92,17.49
16.91,10.94,16.99,14.94,11.51,16.92,17.96
16.8,10.71,16.88,14.9,11.65,16.54,17.49
16.76,10.54,16.84,15.29,11.63,16.37,17.91
16.44,10.45,16.51,14.43,11.4,15.51,17.14
16.64,11.28,16.72,14.22,11.71,16.18,18.41
15.94,10.02,16.02,13.38,11.46,15.23,16.25
16.02,10.57,16.09,13.94,10.6,15.84,17.09
16.03,10.55,16.11,14.66,10.01,15.98,17.27
16.3,10.65,15.92,14.84,7.28,16.36,17.73
16.6,10.89,16.1,14.85,8.06,16.54,17.71
16.96,10.9,16.17,14.72,8.89,16.57,17.46
16.32,10.48,15.77,14.12,9.35,16,17.13
15.18,9.51,14.8,13.48,7.99,14.6,15.73
14,9.52,14.5,12.94,8.07,14.75,15.55
15.08,10.25,14.81,12.52,7.28,15.33,17.35
15.34,10,14.89,13.08,7.8,15.63,16.8
15.37,9.51,14.57,12.98,6.49,15.8,16.26
15.47,9.85,14.39,12.65,6.15,15.32,16.16
14.52,9.62,14.2,12.55,7.22,14.69,15.04
14.7,9.8,14.4,12.8,7.5,14.73,15.8
14.93,9.95,14.58,12.83,7.62,14.95,16.21
14.94,9.98,14.61,12.65,7.76,14.88,16.29
14.91,9.7,14.56,12.31,7.69,14.62,16.38
15.23,10.29,14.83,12.82,7.56,15.1,16.87
15.35,10.09,14.9,12.82,7.71,14.94,16.95
14.98,9.81,15.05,13.07,8.64,15.78,15.82
15.95,10.84,15.6,13.94,8.88,17,17.46
14.54,9.42,14.47,12.6,8.88,13.11,15.48
14.78,9.78,14.51,12.6,8.3,17.37,15.97
15.52,10.04,15.26,13.04,8.36,15.66,16.85
16.38,10.52,16.01,13.53,7.86,16.02,17.25
13.28,8.1,13.52,11.98,8.22,13.55,13.38
13.32,8.33,13,12.32,8.35,14.3,14.39
13.59,9.16,13.12,12.45,8.09,14.88,15.54
14.3,9.53,14.18,12.03,7.64,14.44,15.66
14.24,9.52,14.3,12.23,7.53,14.25,15.57
12.9,8.69,13.17,11.48,7.43,13.44,14.17
13.96,9.55,14.01,12.81,7.66,14.77,16.19
13.68,8.96,14.19,11.66,6.89,14.01,15.39
13.62,8.88,13.61,10.6,4.93,13.36,13.88
13.33,8.86,13.43,10.6,3.95,13.18,14.62
13.46,8.8,13.46,10.6,5.37,13.25,14.75
13.58,8.86,13.61,10.86,5.29,13.6,14.89
13.91,8.97,13.86,11.2,4.88,13.72,15.35
13.66,9.03,13.68,10.93,3.29,13.76,15.02
13.62,8.92,13.29,11.27,4.64,13.74,14.57
14.22,9.33,13.66,11.54,6.58,15.01,15.48
13.03,8.86,13.08,11.33,5.91,13.86,14.59
11.27,8.2,11.93,10.59,5.88,12.69,13.6
10.91,7.66,11.35,9.3,6.02,12.03,12.58
7.69,5.61,8.44,6.89,6.2,8.79,9.47
8.27,6.27,8.41,7.31,5.7,9.65,10.51
8.74,6.79,9.19,8.71,5,10.51,11.48
10.31,7.26,10.27,8.55,3.18,10.95,11.77
8.65,5.92,9.33,6.79,3.06,8.66,9.93
8.81,6,9.32,6.55,4.24,8.6,10.07
8.75,5.78,8.72,8.18,4.62,8.95,8.96
8.79,6.05,8.81,7.05,5.9,9.25,9.9
7.65,5.24,7.66,4.63,4.9,7.53,8.4
6.87,4.72,6.88,4.57,1.81,6.52,7.48
8.15,5.57,8.16,5.82,6.5,7.61,8.69
8.8,6.01,8.82,6.27,7,7.81,9.33
9.15,6.25,9.18,6.76,7.28,7.84,9.55
9.39,6.41,9.42,6.98,7.47,8.07,9.8
9.5,6.48,9.52,7.08,7.55,8.13,9.75
9.59,6.54,9.62,7.17,7.62,8.13,9.61
9.88,6.74,9.91,7.44,7.85,8.35,9.77
10.47,7.14,10.51,8,8.31,9.1,10.94
10.89,7.42,10.93,8.4,8.64,9.45,11.6
11.02,7.5,11.06,8.52,8.74,9.68,11.63
10.86,7.39,10.9,8.37,8.61,9.34,11.08
10.75,7.32,10.79,8.27,8.53,9.34,10.91
10.69,7.28,10.72,8.2,8.48,9.32,10.54
10.83,7.37,10.86,8.34,8.59,9.95,11.24
10.54,7.18,10.58,8.07,8.36,9.41,10.52
10.26,6.99,10.3,7.8,8.15,8.94,10.23
10.11,6.89,10.14,7.66,8.02,8.78,10.05
10.1,6.88,10.13,7.65,8.02,9.07,10.29
9.91,6.76,9.94,7.47,7.87,9.14,9.53
9.77,6.66,9.8,7.34,7.76,9.35,10.36
8.86,6.05,8.88,6.48,7.06,7.8,10.01
7.23,4.96,7.24,4.94,5.79,5.41,6.97
6.25,4.3,6.26,4.02,5.02,3.93,5.41
6.59,4.53,6.6,4.34,5.29,5.89,7.46
6.25,4.3,6.25,4.01,5.02,5.1,6.32
6,4.13,6,3.77,4.82,5.02,6.28
5.6,3.87,5.6,3.4,4.52,3.92,4.59
6.3,4.33,6.3,4.06,5.06,5.02,6.46
7.09,4.86,7.1,4.8,5.67,5.9,8.29
7.25,4.97,7.26,4.95,5.8,6.2,7.47
7.3,5.01,7.31,5.01,5.84,6.19,7.33
7.42,5.09,7.43,5.12,5.93,6.58,7.55
7.38,5.06,7.39,5.08,5.9,6.56,7.83
6.97,4.78,6.97,4.69,5.58,6.19,7.46
6.14,4.22,6.14,3.9,4.93,5.68,6.66
4.72,3.27,4.71,2.56,3.83,3.24,3.99
4.11,2.87,4.1,1.99,3.36,2.03,3.55
4.59,3.18,4.58,2.44,3.73,2.66,5.06
5.39,3.72,5.38,3.2,4.35,4.11,5.49
6.35,4.37,6.36,4.11,5.1,6.41,7.46
6.07,4.18,6.07,3.84,4.88,5.8,6.13
5.37,3.71,5.37,3.18,4.34,2.04,2.38
7.95,5.44,7.97,5.62,7.59,5.8,10.44
8.69,5.94,8.71,6.32,7.62,5.79,10.64
8.74,5.97,8.76,6.36,7.4,5.58,10.28
8.68,5.93,8.7,6.31,7.34,5.35,10.48
8.47,5.79,8.49,6.11,6.72,5.29,9.99
8.54,5.84,8.56,6.18,7.34,5.58,10.36
8.16,5.58,8.17,5.81,6.85,5.15,9.78
7.62,5.22,7.63,5.31,6.44,5.05,8.99
6.85,4.7,6.85,4.58,5.29,4.37,8.16
6.26,4.31,6.26,4.02,4.77,3.68,7.22
6.2,4.27,6.21,3.97,5.07,3.93,6.57
6.62,4.55,6.63,4.36,5.11,4.55,7.63
7.19,4.93,7.2,4.9,6.15,5.35,8.53
7.13,4.89,7.14,4.84,5.53,4.66,7.75
7.66,5.25,7.67,5.35,6.2,5.24,9.04
8.08,5.53,8.09,5.74,7.19,5.91,9.4
7.76,5.31,7.77,5.44,5.86,5.46,8.55
7.94,5.43,7.95,5.61,6.39,5.48,8.95
8.25,5.64,8.27,5.9,7.33,5.83,9.6
7.95,5.44,7.97,5.62,6.66,5.6,9.18
7.41,5.08,7.42,5.11,6.45,5.01,8.3
6.73,4.62,6.74,4.47,4.81,4.11,7.22
7.13,4.89,7.14,4.84,5.91,4.86,7.68
7.76,5.31,7.77,5.44,6.92,5.53,9.18
7.66,5.25,7.67,5.34,5.91,5.3,8.63
7.88,5.39,7.89,5.55,7.14,5.9,8.82
7.42,5.09,7.43,5.12,6.34,5.19,8.29
6.82,4.68,6.83,4.56,4.88,4.4,7.08
7.34,5.03,7.35,5.04,5.42,4.81,7.9
8.72,5.96,8.74,6.35,7.65,6,9.75
9.88,6.73,9.9,7.44,8.6,7.1,11.1
10.64,7.25,10.67,8.16,9.19,7.38,11.88
11.26,7.66,11.3,8.74,9.89,7.89,12.73
11.46,7.8,11.5,8.94,10.06,8.36,13.19
10.92,7.44,10.96,8.43,9.37,8.12,12.35
9.89,6.74,9.92,7.45,7.58,7.16,10.82
9.39,6.41,9.41,6.98,7,6.16,9.64
10.29,7.01,10.32,7.83,9.4,7.61,11.99
10.08,6.87,10.11,7.63,8.79,7.43,11.55
9.21,6.29,9.24,6.81,7.11,6.79,9.37
9.18,6.27,9.2,6.78,7.45,6.42,9.81
9.58,6.54,9.61,7.16,7.7,6.91,10.27
10.39,7.08,10.43,7.93,8.72,8.21,11.5
10.74,7.32,10.78,8.26,9.22,8.49,11.56
10.68,7.28,10.72,8.2,9,7.95,11.42
10.65,7.26,10.69,8.17,9.02,7.97,11.38
10.61,7.23,10.64,8.13,8.31,8.62,11.27
10.7,7.29,10.73,8.21,8.41,8.57,10.37
11.6,7.89,11.64,9.06,9.73,9.67,12.48
11.95,8.12,11.99,9.39,10.03,9.24,12.36
12.44,8.46,12.49,9.86,10.34,9.72,12.85
13.15,8.93,13.2,10.53,11.34,10.91,13.97
13.16,8.94,13.21,10.54,11.06,11.47,13.24
12.85,8.73,12.9,10.24,9.8,10.64,12.49
13.55,9.2,13.61,10.91,11.91,11.78,14.09
13.29,9.02,13.34,10.66,10.1,11.6,13.14
13.63,9.25,13.68,10.98,11.21,11.99,13.69
13.78,9.36,13.84,11.13,11.41,12.15,13.59
13.84,9.39,13.89,11.18,11.22,13.04,13.29
13.72,9.32,13.78,11.07,10.88,13.4,12.69
13.65,9.27,13.71,11,11.06,12.47,12.65
13.93,9.45,13.98,11.27,11.38,13,13.36
14.05,9.53,14.1,11.38,10.95,12.93,13.52
14.47,9.82,14.53,11.78,11.94,12.94,14.43
14.63,9.93,14.69,11.93,12.42,13.12,14.56
14.26,9.67,14.31,11.57,11.25,12.17,14.74
13.99,9.5,14.05,11.33,11.05,11.58,14.38
14.09,9.56,14.15,11.42,11.13,12.79,13.86
14.31,9.71,14.37,11.63,11.3,13.34,13.4
14.89,10.1,14.96,12.18,11.75,13.5,14.8
15.53,10.53,15.6,12.78,12.25,14.62,15.14
16.13,10.93,16.2,13.34,12.6,15.14,15.46
16.96,11.49,17.04,14.13,13.76,16.08,16.64
17.35,11.75,17.43,14.5,13.77,17.05,16.7
17.38,11.77,17.46,14.53,14.08,16.81,16.98
16.83,11.4,15.95,14.01,13.67,14.75,17.3
16.55,11.22,16.35,13.75,13.33,15,17.11
15.4,10.79,15.51,13.15,11.97,15.42,15.56
13.6,10.85,13.61,13.23,14.17,15.25,17.54
14.69,11.11,14.25,13.88,14.48,15.16,17.94
15.71,11.23,15.85,14.13,13.74,15.23,17.1
15.59,11.23,15.61,13.85,13.67,15.64,17.06
15.71,11.24,15.54,13.72,13.78,15.48,17.11
15.92,11.34,15.7,14.13,14.13,16.18,17.25
16.39,11.07,15.85,14.25,12.3,15.55,15.71
15.43,11.01,15.3,14.12,12.97,15.35,15.96
15.95,11.21,15.81,14.56,13.71,15.03,16.98
15.85,11.09,15.91,13.41,13.63,15.15,16.55
15.46,10.91,15.53,13.23,13.3,15.35,15.56
14.74,10.89,14.79,13.2,13.57,15.66,16.28
15.23,10.98,15.03,13.39,13.46,15.82,16.6
15.46,11.04,15.51,13.73,13.18,16.26,16.4
15.97,10.86,15.67,13.78,12.37,15.28,15.14
14.71,10.89,14.88,14.06,13.66,15.55,16.16
15.23,10.72,14.68,13.29,13.36,14.9,15.5
14.68,10.62,14.68,12.76,13.65,14.49,15.86
15.23,10.56,15.13,13.2,12.66,14.13,15.67
14.15,10.42,14.56,13.45,12.36,14.46,15.38
13.73,10.45,14.09,13.71,12.68,14.92,15.7
14.05,10.49,14.3,12.24,13.08,15.2,16.18
14.5,10.59,14.68,12.27,12.84,15.28,16.46
15.04,10.74,15.04,12.9,12.6,15.88,16.46
15.06,10.72,15.15,12.82,12.42,15.69,16.09
15.21,10.79,15.34,13.25,12.2,16.52,15.45
15.73,10.92,15.59,13.76,11.9,17.29,15.21
15.13,11.04,15.15,14.02,13.43,15.75,16.73
15.53,11.01,15.07,14.71,12.88,16.1,16.07
14.94,10.74,15.37,13.71,12.32,15.34,15.59
13.52,10.63,13.87,13.26,13.74,15.34,16.57
14.37,10.46,14.11,12.91,12.75,14.94,15.73
13.89,10.37,14.4,13.17,12.82,14,16.36
14.23,10.04,14.42,13.39,12.38,11.27,15.89
13.85,9.55,14.4,13.73,11.46,9.69,14.62
12.73,8.83,13.27,11.82,10.48,9.96,13.77
10.52,7.78,11.24,10.29,8.5,9.57,10.89
8.24,7.36,9.44,9.19,8.63,10.74,11.54
8.7,7.39,8.85,9.57,9.07,11.19,11.3
8.43,7.54,8.52,8.8,9.52,11.99,12.05
10.31,8.05,9.74,8.83,10.23,12.48,12.83
10.95,8.59,11.28,9.28,11.16,13.03,13.44
12.16,9.11,12.32,10.35,11.48,13.81,14.44
12.77,9.22,12.84,10.64,11.6,12.67,14.54
13.12,9.1,13.04,11.1,11.72,9.99,14.6
13.2,8.81,13.42,11.05,10.88,10.09,13.34
12.1,8.14,12.55,8.99,9.52,10.42,11.49
9.97,7.66,10.63,7.48,9.82,10.07,11.81
9.98,7.76,10.76,8.62,10.04,10.26,12.45
10.51,7.82,11.04,8.89,9.68,10.77,12.02
10.16,7.81,10.77,8.22,9.81,11.04,12.11
10.31,7.98,10.86,8.63,10.07,11.93,12.51
10.73,8.04,11.19,9.07,9.9,11.56,12.36
10.61,8.02,11.13,9.09,10.21,11.11,12.73
11.04,7.73,11.39,8.84,9.99,8.98,12.65
10.63,6.99,11.3,7.8,7.75,8.05,9.88
9.32,6.48,10.22,7.09,7.36,8.03,9.32
6.93,6.1,8.03,6.54,7.47,8.88,9.53
6.82,6.02,7.62,6.43,7.36,8.94,9.03
9.45,6.45,7.49,7.04,8.82,8.4,10.95
9.31,6.35,9.33,6.9,8.35,7.12,10.47
8.35,5.71,8.36,5.99,6.72,6.28,8.44
7.86,5.38,7.87,5.53,6.04,6.79,7.26
7.94,5.44,7.96,5.61,5.77,7.58,7.25
8.52,5.82,8.53,6.15,6.16,8.52,7.91
9.34,6.37,9.36,6.93,7.68,8.66,9.12
9.87,6.73,9.9,7.43,7.81,8.91,10.03
10.22,6.97,10.25,7.77,8.4,9,10.2
10.43,7.1,10.46,7.96,8.66,9.28,10.54
10.26,6.99,10.29,7.8,8.13,9.3,9.89
10.23,6.97,10.27,7.78,8.45,9.12,10.01
10.09,6.88,10.12,7.64,8.37,8.8,10.19
9.7,6.61,9.72,7.27,7.62,8.01,9.87
9.58,6.54,9.61,7.16,8.11,7.63,10.62
8.93,6.1,8.95,6.54,7.1,7.36,8.74
8.68,5.93,8.7,6.3,6.98,6.97,9.02
8.52,5.82,8.54,6.16,7.01,6.56,9.04
8.39,5.74,8.41,6.04,6.94,6.4,8.54
8.52,5.82,8.54,6.16,6.67,8.31,8.34
8.38,5.73,8.39,6.02,6.2,7.75,7.6
8.84,6.04,8.86,6.46,7.93,7.32,9.84
8.27,5.65,8.28,5.92,7.34,5.6,9.15
7.51,5.14,7.52,5.2,6.27,5.02,7.95
7.11,4.87,7.12,4.82,5.6,5.56,7.33
6.96,4.78,6.97,4.68,5.55,5.4,6.99
7.15,4.9,7.16,4.86,6.19,5.37,7.76
7.06,4.85,7.07,4.78,5.81,5.52,7.12
7.15,4.91,7.16,4.87,6.22,5.64,7.58
6.91,4.74,6.92,4.64,5.67,5.74,7.06
6.6,4.53,6.6,4.34,5.64,5.08,7.08
6.04,4.16,6.04,3.82,4.87,4.66,5.97
5.79,3.99,5.79,3.58,4.44,5.08,5.86
5.57,3.84,5.57,3.37,4.6,4.73,5.15
5.5,3.79,5.5,3.3,5.02,4.37,5.79
4.95,3.42,4.94,2.78,4.47,3.19,5.26
4.36,3.03,4.35,2.23,4.1,2.81,4.71
3.57,2.5,3.55,1.48,3.05,1.46,3.78
3.31,2.33,3.29,1.24,2.94,1.79,3.5
3.21,2.26,3.19,1.14,1.94,3.3,2.41
3.68,2.57,3.66,1.58,3.19,3.27,3.31
4.03,2.81,4.01,1.91,3.95,3.25,4.58
3.52,2.47,3.51,1.44,2.46,2.86,2.98
3.63,2.54,3.61,1.54,3.1,2.24,3.59
4.01,2.8,4,1.9,2.53,2.63,3.54
5.57,3.84,5.57,3.37,4.93,4.21,7.29
5.98,4.12,5.99,3.76,5.23,4.79,7.24
5.47,3.78,5.47,3.28,3.88,3.7,5.54
5.81,4,5.81,3.6,4.91,4.25,6.28
6.06,4.17,6.06,3.83,5.08,4.38,6.64
6.23,4.29,6.23,3.99,5.18,4.51,6.75
6.39,4.39,6.4,4.15,6.01,4.83,7.58
5.51,3.8,5.51,3.32,4.35,3.83,5.84
4.96,3.43,4.95,2.79,3.47,3.33,4.38
5.61,3.87,5.61,3.41,4.59,4.1,5.34
6.73,4.62,6.74,4.47,5.91,5.42,7.22
7.37,5.05,7.38,5.07,6.99,4.9,8.62
7.26,4.98,7.27,4.97,6.43,5.02,8.73
6.48,4.45,6.48,4.23,4.95,4.36,7.2
6.1,4.2,6.11,3.88,5.01,3.94,6.51
6.11,4.2,6.11,3.88,5.08,3.95,6.76
6.28,4.32,6.28,4.04,5.12,4.09,6.83
6.78,4.65,6.78,4.51,6.25,4.92,7.49
6.73,4.62,6.74,4.47,5.3,4.22,7.15
7.38,5.06,7.39,5.08,6.59,4.99,8.03
7.9,5.41,7.92,5.58,6.84,5.19,9.2
8.18,5.6,8.2,5.84,7.24,5.42,9.56
8.06,5.51,8.07,5.72,6.64,5.08,8.88
8.37,5.72,8.39,6.02,7.02,5.3,9.2
9.06,6.19,9.08,6.67,7.85,6.03,10.38
9.56,6.52,9.58,7.14,7.96,6.71,11.19
9.75,6.65,9.77,7.32,8.6,6.92,11.45
9.2,6.28,9.23,6.8,7.37,6.49,9.96
9.07,6.19,9.09,6.68,7.82,6.76,10.22
8.47,5.79,8.49,6.11,6.82,5.97,9.54
7.97,5.46,7.99,5.64,6.66,5.8,8.47
7.61,5.21,7.62,5.3,6.2,4.77,8.12
7.87,5.39,7.89,5.55,6.27,5.88,8.24
8.48,5.8,8.5,6.12,7.61,6.69,10.1
7.86,5.38,7.88,5.54,5.97,5.77,8.26
7.84,5.37,7.86,5.52,7.34,5.95,8.87
6.88,4.72,6.89,4.61,4.99,4.64,7.16
6.86,4.71,6.87,4.59,5.44,4.5,6.84
7.7,5.27,7.71,5.38,6.99,5.74,8.51
7.94,5.44,7.96,5.61,6.35,5.81,8.38
8.54,5.84,8.56,6.18,7.33,6.73,9
8.89,6.07,8.91,6.51,7.39,6.25,9.25
9.68,6.61,9.71,7.26,8.41,6.64,10.17
10.74,7.31,10.77,8.25,9.45,7.94,11.74
11.39,7.75,11.43,8.87,10.36,9.13,12.57
10.9,7.42,10.93,8.4,9.15,8.88,11.3
10.25,6.99,10.29,7.8,8.62,8.07,10.27
9.84,6.71,9.87,7.4,7.6,6.68,9.98
10.65,7.25,10.68,8.17,8.67,7.33,11.09
12.24,8.32,12.28,9.67,10.89,9.53,13.23
13.13,8.92,13.18,10.51,11.52,10.6,13.51
13.63,9.25,13.68,10.98,11.95,11.33,13.88
13.64,9.26,13.7,11,11.74,11.25,13.74
13.49,9.16,13.55,10.86,11.67,11.1,13.71
13.07,8.88,13.12,10.45,11.11,11.63,13.14
12.1,8.22,12.14,9.53,9.74,10.96,11.87
11.08,7.55,11.12,8.58,8.44,9.01,10.35
11.3,7.69,11.34,8.78,9.35,8.87,11.3
11.92,8.1,11.96,9.37,9.56,9.29,12.38
12.94,8.79,12.99,10.33,10.88,10.61,13.24
13.89,9.43,13.95,11.23,12.03,12.07,14.34
14.05,9.54,14.11,11.38,12.06,12.12,14.07
13.82,9.38,13.87,11.16,11.47,11.16,13.28
14.26,9.68,14.32,11.58,12.03,11.57,14.05
15.01,10.18,15.08,12.29,12.95,12.46,15.05
15.57,10.56,15.64,12.82,13.23,13.25,15.01
16.28,11.04,16.36,13.49,13.94,14.33,16.48
16.33,11.06,16.4,13.53,14.47,14.72,17.09
14.77,10.02,14.83,12.06,11.93,11.98,14.91
13.71,9.31,13.76,11.06,9.95,10.13,12.97
15.04,10.2,15.11,12.32,12.83,12.27,14.9
16.52,11.2,16.6,13.72,14.19,14.03,16.77
17.55,11.89,17.63,14.69,15.34,15.6,17.93
17.43,11.81,17.52,14.58,14.25,15.06,16.8
17.81,12.06,17.9,14.93,14.24,14.88,18.99
18.07,12.24,18.16,15.18,14.57,15.54,19.79
17.54,11.88,17.62,14.68,13.7,14.66,18.55
17.22,11.66,17.3,14.37,13.85,14.57,17.53
17.12,11.6,17.2,14.28,13.86,14.96,16.94
17.24,11.68,17.32,14.39,14.06,15.31,17.13
17.28,11.71,17.36,14.43,14.12,14.94,16.64
17.81,12.06,17.9,14.93,15.53,16.5,16.9
17.66,11.96,17.74,14.65,14.82,16.71,17.09
16.92,11.46,16.99,13.61,13.36,15.1,17.27
16.4,11.11,16.47,12.85,13.12,14.81,17.37
13.61,10.61,14.69,11.8,13.05,13.9,18.07
13.99,10.26,14.96,12.44,13.49,14.24,17.5
12.74,9.27,14.01,11.49,12.03,12.58,17.33
13.85,10.27,14.39,12.82,13.23,13.89,16.18
13.47,9.92,15.09,13.87,12.47,15.14,15.34
15.29,10.45,15.95,12.88,13.09,16.46,15.02
15.45,10.75,16.13,13.76,13.48,16.78,15.34
15.35,10.73,15.73,13.11,13.56,16.81,15.96
14.32,10.25,15.1,12.85,13,15.57,14.74
14.36,10.41,15.1,13.2,13.34,15.34,14.86
14.44,10.21,15.51,13.61,13.39,15.44,16.2
14.54,10.19,15.46,14.48,13.19,15.35,14.89
14.8,10.45,15.55,14.34,13.08,15.82,15.69
15.35,11.05,15.83,14.86,13.9,16.96,16.51
14.95,10.46,15.59,15.04,13.24,16.45,15.94
14.76,10.19,15.47,14.01,12.87,16.18,15.52
13.69,9.76,14.79,12.81,12.4,15.09,14.36
12.65,9.39,14.16,11.94,11.82,13.96,13.18
12.77,9.12,13.96,11.79,11.62,13.73,13.7
12.92,9.17,13.86,11.68,11.85,13.84,14.48
13.2,9.56,14.17,11.94,12.35,13.96,14.51
12.65,8.83,13.95,11.9,11.34,13.66,14.22
12.67,9.18,13.77,11.51,11.61,14.06,13.87
13.86,9.53,14.3,10.65,12.38,14.56,13.11
12.48,8.93,13.78,11.08,11.56,13.71,13.67
13.2,9.39,14.11,11.83,12.18,14.22,13.3
13.79,9.71,14.5,12.26,12.41,14.83,13.62
13.57,9.9,14.54,12.05,12.3,15.25,13
13.2,9.55,14.07,11.98,11.94,14.58,12.73
11.75,8.55,13.26,10.38,10.96,13.28,12.47
10.73,7.79,12.37,9.83,10.17,12.17,12.63
11.18,8.1,12.41,10.26,10.51,12.13,12.6
11.98,8.71,13.05,11.11,11.15,12.96,12.83
11.99,8.71,13.12,11.4,11.15,13.11,10.56
12.32,8.86,13.25,11.19,11.16,13.45,8.93
11.37,8.31,12.74,10.01,10.66,12.48,7.71
10.54,7.36,12.02,9.06,9.88,11.59,10.02
11,8.02,12.19,9.26,10.39,11.79,10.12
11,8.02,12.09,9.35,10.2,12.07,10.39
11.49,8.4,12.28,9.53,10.59,12.52,10.34
11.77,7.89,11.81,9.23,9.93,12.05,9.68
11.55,7.86,11.59,9.02,9.32,11.58,9.81
11.59,7.88,11.63,9.05,9.48,11.59,9.82
11.81,8.04,11.86,9.27,10,11.8,10.42
11.74,7.99,11.78,9.2,9.44,11.93,10.78
11.37,7.74,11.41,8.85,9.8,11.52,10.06
10.46,7.12,10.49,7.99,7.81,9.92,11
9.21,6.29,9.24,6.81,6.26,7.49,9.87
8.72,5.96,8.74,6.34,5.31,6.84,9.57
9.36,6.39,9.39,6.96,7.66,8.41,9.37
9.77,6.66,9.79,7.34,7.74,8.17,10.88
9.75,6.65,9.78,7.32,7.99,8.63,9.27
9.87,6.73,9.9,7.43,8.16,9.66,8.78
9.91,6.75,9.93,7.47,7.38,10.23,9.59
9.69,6.61,9.71,7.26,7.33,9.81,9.16
9.36,6.39,9.39,6.96,7.76,8.5,8.96
8.93,6.1,8.95,6.55,8.18,8.89,6.59
8.59,5.87,8.61,6.22,7.92,9.79,5.04
8.38,5.73,8.4,6.03,7.63,8.9,4.9
8.77,5.99,8.79,6.39,8.56,9.64,5.99
8.62,5.89,8.64,6.25,7.88,8.25,7.01
8.34,5.7,8.36,5.99,7.6,7.17,7.38
8.03,5.5,8.05,5.69,7.23,7.14,6.15
8.21,5.62,8.23,5.86,8.2,8.57,5.9
7.81,5.35,7.83,5.49,7.17,7.56,4.89
8.13,5.56,8.15,5.79,6.96,7.35,7.33
8.46,5.78,8.48,6.1,7.19,8.88,7.57
8.18,5.59,8.2,5.84,6.46,8.15,7.69
7.69,5.26,7.7,5.37,6.47,7.19,7.77
6.61,4.54,6.61,4.35,4.83,5.07,6.68
6.16,4.24,6.16,3.93,3.73,4.84,7.55
5.98,4.12,5.98,3.76,3.78,4.74,7.28
5.94,4.09,5.94,3.72,4.83,4.44,5.7
6.36,4.37,6.36,4.12,5.71,5.4,6.17
6.46,4.44,6.46,4.21,5.88,6.42,5.48
6.14,4.23,6.15,3.91,4.91,5.61,5.91
5.78,3.99,5.78,3.57,4.58,4.38,6.18
5.51,3.8,5.51,3.31,3.72,3.39,6.02
6.15,4.24,6.16,3.92,5.25,4.92,6.17
6.74,4.63,6.75,4.48,5.7,6.01,6.77
6.97,4.78,6.98,4.7,5.88,6.01,6.96
6.99,4.79,6.99,4.71,6.04,6.63,6.8
6.44,4.43,6.45,4.19,5.14,5.69,5.38
6.48,4.46,6.49,4.23,6,6.14,4.57
6.8,4.67,6.81,4.53,5.85,6.13,7.12
6.46,4.44,6.46,4.21,4.39,5.87,6.8
6.29,4.33,6.3,4.05,4.61,5.99,6.65
5.89,4.06,5.89,3.67,4.25,4.54,6.27
5.85,4.03,5.85,3.64,4.7,4.42,6.24
5.89,4.06,5.89,3.67,4.81,4.42,6.27
5.95,4.1,5.95,3.73,4.72,4.44,6.33
6.16,4.24,6.16,3.93,4.81,4.84,6.53
6.48,4.45,6.48,4.23,4.95,5.77,6.82
6.63,4.56,6.64,4.38,5.1,6.46,6.96
6.31,4.34,6.32,4.07,4.93,5.81,6.67
5.64,3.89,5.64,3.43,4.24,4.5,6.04
5.08,3.51,5.07,2.9,3.21,3.93,5.52
5.07,3.5,5.06,2.89,4.1,3.48,5.29
5.33,3.68,5.32,3.14,4.3,3.71,6
5.59,3.86,5.59,3.39,4.51,3.98,6.41
5.75,3.97,5.75,3.55,4.64,4.28,6.93
5.51,3.8,5.51,3.31,4.44,3.9,6.32
5.17,3.57,5.16,2.99,4.18,3.34,4.93
5.52,3.81,5.52,3.33,4.45,4.2,6.39
5.59,3.85,5.58,3.39,4.5,3.7,5.9
6.02,4.15,6.02,3.8,4.84,4.13,6.7
6.58,4.52,6.59,4.33,5.28,4.72,7.96
6.81,4.68,6.82,4.54,5.46,4.78,8.06
6.87,4.71,6.88,4.6,5.5,4.47,7.58
7.3,5,7.31,5,5.84,4.73,8.81
7.68,5.26,7.7,5.37,6.14,4.81,9.49
7.99,5.47,8.01,5.66,6.38,4.79,10.1
8.23,5.63,8.24,5.88,6.56,4.86,10.53
8.34,5.7,8.36,5.99,6.65,4.53,10.51
8.66,5.92,8.68,6.29,6.9,5.47,11.24
8.57,5.86,8.59,6.21,6.83,5.11,11.22
8.2,5.61,8.21,5.85,6.54,5.06,9.73
8.05,5.51,8.07,5.72,6.42,5.5,9.38
7.95,5.44,7.96,5.62,6.34,5.16,9.69
7.76,5.32,7.78,5.44,6.2,5.38,8.86
7.67,5.26,7.69,5.36,6.13,5.33,9.92
6.94,4.76,6.94,4.66,5.56,4.74,8.1
6.17,4.25,6.18,3.94,4.96,3.77,6.47
6.07,4.18,6.07,3.85,4.88,3.94,6.55
6.36,4.38,6.37,4.12,5.11,4.18,6.65
7.19,4.93,7.2,4.9,5.75,4.92,8.08
8.19,5.6,8.21,5.85,6.53,5.72,9.89
8.95,6.11,8.97,6.56,7.12,6.57,11.08
9.12,6.22,9.14,6.72,7.25,6.45,10.77
9.15,6.24,9.17,6.75,7.28,5.96,11.01
9.21,6.28,9.23,6.81,7.32,6.36,10.7
9.33,6.37,9.36,6.92,7.42,6.52,10.96
9.41,6.42,9.44,7,7.48,6.24,11.5
9.36,6.39,9.38,6.95,7.44,6.02,11.49
9.25,6.31,9.27,6.84,7.35,6.64,11.54
8.56,5.85,8.58,6.19,6.82,5.95,8.94
8.52,5.82,8.54,6.16,6.79,6.24,9.31
8.69,5.94,8.71,6.31,6.92,5.79,9.47
9.41,6.42,9.43,7,7.48,7.13,11.57
9.45,6.45,9.47,7.04,7.51,7.58,11.18
8.84,6.04,8.87,6.46,7.04,6.12,9.61
8.7,5.95,8.72,6.33,6.93,5.9,9.03
9.35,6.38,9.38,6.94,7.44,7.17,10.41
9.96,6.79,9.99,7.52,7.91,7.88,11.48
10.15,6.92,10.18,7.7,8.06,7.46,11.26
10.53,7.18,10.57,8.06,8.36,8.39,12.07
10.52,7.17,10.55,8.05,8.34,8.16,11.3
10.7,7.29,10.73,8.21,8.48,8.25,11.58
11.05,7.52,11.09,8.55,8.76,8.62,12.01
11.51,7.83,11.55,8.98,9.12,9.06,12.51
12.06,8.2,12.1,9.5,9.54,9.6,13.06
12.66,8.61,12.71,10.07,10.01,10.41,13.84
13.09,8.89,13.14,10.48,10.35,11.17,14.55
12.97,8.81,13.02,10.36,10.25,11.26,12.93
13.1,8.9,13.16,10.49,10.36,11.97,13.23
13.08,8.88,13.13,10.46,10.34,11.5,12.62
13.5,9.17,13.55,10.86,10.66,11.66,13.77
14.05,9.54,14.11,11.38,11.09,12.19,14.74
14.46,9.81,14.52,11.77,11.41,12.84,14.98
14.68,9.96,14.74,11.98,11.59,13.39,15.45
14.38,9.76,14.44,11.69,11.35,13.21,14.68
13.77,9.35,13.83,11.12,10.88,12.19,13.06
13.76,9.34,13.82,11.11,10.87,12.3,12.99
14.31,9.71,14.37,11.63,11.3,13.03,14.62
14.62,9.92,14.69,11.92,11.54,13.02,14.96
14.86,10.08,14.92,12.14,11.72,13.77,14.51
15.14,10.27,15.2,12.41,11.94,14.15,14.93
15.31,10.38,15.38,12.57,12.07,14.51,15.38
15.09,10.24,15.16,12.37,11.91,14.1,14.31
15.14,10.27,15.21,12.41,11.94,13.73,14.73
15.45,10.48,15.52,12.7,12.18,13.83,15.32
15.95,10.81,16.02,13.18,12.57,14.51,16.03
16.4,11.12,16.48,13.6,12.93,15.15,16.53
16.65,11.28,16.73,13.84,13.12,15.42,16.95
16.57,11.23,16.65,13.76,13.06,15.02,16.62
16.5,11.18,16.57,13.67,13,14.69,15.97
16.95,11.48,17.03,13.99,13.35,15.45,16.85
17.55,11.89,17.63,14.93,13.82,15.83,17.88
17.9,10.65,19.93,15.33,14.09,16.69,18.45
16.36,10.78,17.23,16.22,13.91,17.4,18.63
16.61,10.31,17.22,15.13,13.66,17.9,18.56
15.04,9.48,15.44,14.48,13.01,16.64,17.95
15.23,9.81,15.71,14.31,12.93,16.61,17.77
14.97,9.58,15.84,14.87,12.85,16.24,17.41
15.18,9.61,16.06,14.36,12.81,16.48,17.71
14.84,9.54,15.84,13.16,12.46,16.24,17.53
13.83,8.82,14.88,11.14,11.62,15.15,16.54
12.18,7.24,12.82,11.32,10.67,12.5,15.49
12.42,7.7,12.88,11.63,10.62,12.75,15.48
12,7.71,12.98,11.77,10.6,12.86,14.87
12.4,8.01,13.27,12.48,10.87,13.14,15.35
13.02,8.28,13.92,12.5,11.17,14.58,14.9
13.42,8.56,14.25,11.87,11.35,14.7,15.71
13.04,8.44,13.82,12.97,11.38,14.12,15.56
13.24,8.49,14.26,13.73,11.58,14.88,15.38
13.92,8.77,14.84,13.04,11.77,15.25,15.99
13.98,8.2,14.98,12.77,11.68,15.26,16.04
13.19,8.29,14.36,12.29,11.39,14.71,15.93
12.92,8.09,13.91,10.95,11.03,14.4,15.74
12.49,7.88,13.29,10.64,10.65,13.18,15.43
11.8,7.56,12.94,11.16,10.39,12.45,14.59
12.28,7.79,13.36,11.25,10.48,12.94,14.89
12.49,7.73,13.12,10.41,10.32,12.97,14.05
12.2,7.72,13.09,9.38,10.14,12.86,14.45
11.01,7.35,12.21,10.25,9.87,12.9,12.94
11.41,7.38,12.53,10.93,10.02,12.35,13.82
11.85,7.61,13.05,10.91,10.29,12.81,14.71
12.1,7.54,13.22,11.48,10.36,12.86,14.54
11.59,7.17,12.23,12.44,10.13,12.46,13.19
12.05,7.26,12.26,11.19,10.08,13.52,14.04
11.09,6.98,11.61,9.95,9.52,12.53,12.83
9.88,6.6,10.18,9.47,9.03,11.8,11.91
10.7,6.95,10.83,10.4,9.31,12.24,12.5
10.16,7.03,11.35,10.88,9.54,12.23,13.04
11.41,7.3,12.22,11.2,9.99,12.94,14.02
11.86,7.68,12.8,10.22,10.14,12.88,14.62
11.85,7.74,12.59,10.03,9.98,13.1,14.27
10.74,7.01,11.66,9.08,9.2,11.94,12.85
8.4,5.98,9.77,7.79,8.13,9.93,11.07
8.27,6.89,9.35,7.66,8.03,9.26,11.07
9.19,7.32,9.98,8.26,8.52,10.01,12.14
11.62,7.9,10.62,9.08,9.2,10.78,12.71
12.19,8.29,12.23,9.62,9.64,11.09,12.66
12.37,8.41,12.41,9.79,9.78,12.01,11.99
12.28,8.35,12.32,9.71,9.71,12.08,11.19
12.27,8.34,12.31,9.7,9.71,12.05,11.47
12.17,8.27,12.21,9.6,9.63,11.71,11.4
12.1,8.23,12.15,9.54,9.58,11.62,11.1
12.24,8.32,12.28,9.67,9.68,11.84,11.92
12.09,8.22,12.13,9.53,9.57,11.06,12.07
11.82,8.04,11.87,9.28,9.36,10.78,11.98
11.35,7.73,11.39,8.83,8.99,10.93,11.72
10.21,6.96,10.24,7.75,8.1,10.07,9.85
8.72,5.96,8.74,6.35,6.95,7.33,7.98
7.89,5.4,7.9,5.56,6.3,6.76,6.58
7.94,5.44,7.96,5.61,6.34,7.02,7.4
8.28,5.66,8.29,5.93,6.6,7.34,8.39
8.48,5.8,8.5,6.12,6.76,7.66,8.78
8.37,5.73,8.39,6.02,6.67,7.82,8.03
8.2,5.61,8.22,5.86,6.54,8.02,7.62
7.91,5.41,7.92,5.58,6.31,7.18,7.28
7.84,5.37,7.86,5.52,6.26,6.74,7.49
8.05,5.51,8.07,5.72,6.42,6.54,8.08
8.52,5.82,8.54,6.16,6.79,7.19,8.93
8.89,6.07,8.91,6.5,7.07,7.55,9.25
9.18,6.27,9.2,6.78,7.3,7.85,9.55
9.37,6.4,9.4,6.96,7.45,8.25,9.89
9.25,6.32,9.28,6.85,7.36,8.23,9.8
8.75,5.98,8.77,6.38,6.97,7.68,8.75
8.26,5.65,8.27,5.91,6.58,7.27,8.23
7.75,5.31,7.77,5.43,6.19,6.45,6.55
8.17,5.59,8.19,5.83,6.52,6.68,8.4
8.71,5.95,8.73,6.34,6.94,7.88,8.66
9.15,6.25,9.18,6.76,7.28,8.7,9.09
9.28,6.34,9.31,6.88,7.38,9.03,9.8
8.61,5.89,8.63,6.25,6.86,8.42,8.16
7.74,5.3,7.76,5.42,6.18,6.54,7.42
7.19,4.93,7.2,4.9,5.75,6.64,6.51
6.81,4.68,6.82,4.54,5.46,5.41,6.75
6.73,4.62,6.74,4.47,5.39,5.31,7.52
6.42,4.41,6.42,4.17,5.15,4.64,6.78
6.36,4.37,6.36,4.11,5.1,4.88,6.99
6.21,4.27,6.21,3.97,4.99,4.94,6.99
5.76,3.97,5.76,3.55,4.64,4.59,5.49
5.64,3.89,5.64,3.44,4.55,5.07,5.78
5.25,3.63,5.24,3.07,4.24,4.62,4.69
5.07,3.51,5.07,2.9,4.1,4.09,4.59
5.27,3.64,5.27,3.09,4.26,4.97,5.46
5.03,3.48,5.02,2.86,4.07,5.18,5.18
4.11,2.86,4.1,1.99,3.36,3.1,3.75
3.54,2.48,3.53,1.45,2.91,2.11,3.53
3.35,2.35,3.33,1.27,2.76,2.05,3.73
3.22,2.26,3.2,1.15,2.66,2.37,3.37
3.05,2.15,3.03,0.99,2.53,2.73,3.16
2.56,1.82,2.53,0.53,2.15,1.59,2.04
2.53,1.8,2.51,0.5,2.13,1.63,2.6
2.57,1.83,2.55,0.54,2.15,1.38,2.75
2.76,1.95,2.73,0.71,2.3,1.57,2.86
3.13,2.21,3.11,1.07,2.59,1.07,2.2
4.84,3.35,4.83,2.68,4.43,4.04,6.91
4.84,3.35,4.83,2.68,3.68,3.36,5.45
4.99,3.45,4.99,2.82,4.04,2.92,5.34
5.62,3.87,5.62,3.42,4.65,3.41,6.22
6.52,4.48,6.53,4.27,5.58,4.16,7.13
7.59,5.2,7.6,5.28,6.61,5.55,8.49
8.28,5.66,8.3,5.93,7.26,5.86,9.38
8.58,5.86,8.6,6.21,7.43,5.94,9.92
8.49,5.8,8.51,6.13,7.05,5.86,9.56
8.42,5.76,8.44,6.06,7.03,5.66,9.33
8.52,5.82,8.54,6.16,7.17,6.05,9.75
8.37,5.72,8.39,6.02,6.94,5.9,9.37
8.21,5.61,8.23,5.86,6.62,5.43,8.98
8.5,5.81,8.52,6.14,7.17,5.99,9.51
8.7,5.94,8.72,6.33,7.03,6.4,9.48
9.04,6.17,9.06,6.65,7.44,6.83,9.94
9.28,6.33,9.3,6.87,8.05,7.02,10.11
9.16,6.25,9.18,6.76,8.35,6.99,10.59
7.96,5.45,7.98,5.63,6.65,5.8,9.06
6.51,4.47,6.51,4.26,4.22,4.59,6.44
6.41,4.41,6.41,4.16,5.04,4.54,6.39
6.93,4.76,6.94,4.66,5.76,4.94,7.44
7.58,5.19,7.59,5.27,5.79,5.86,7.7
8.76,5.98,8.78,6.38,7.72,6.91,9.58
9.31,6.35,9.33,6.9,7.72,7.28,10.38
9.48,6.47,9.51,7.07,8.12,7.35,10.31
9.29,6.34,9.31,6.88,7.73,7.17,9.41
9.36,6.39,9.38,6.95,7.67,6.91,9.26
10.09,6.88,10.12,7.64,8.59,7.83,10.33
10.88,7.41,10.91,8.38,9.29,8.85,11.25
11.43,7.77,11.47,8.9,9.95,9.57,11.88
11.39,7.75,11.43,8.87,9.57,9.46,11.81
11.11,7.56,11.15,8.6,9.03,9.81,10.94
10.84,7.38,10.87,8.35,9.15,10.41,10.79
9.76,6.66,9.79,7.33,7.87,8.83,9.67
8.56,5.85,8.58,6.2,6.18,6.51,7.68
8.96,6.12,8.99,6.58,7.34,6.79,8.95
9.85,6.72,9.88,7.41,8.9,7.38,9.96
10.63,7.24,10.66,8.15,9.46,8.74,11.4
10.57,7.2,10.6,8.09,8.39,8.86,10.23
11.03,7.51,11.07,8.53,9.62,8.82,10.85
11.55,7.86,11.59,9.02,9.84,9.27,11.61
12.11,8.23,12.15,9.55,10.01,10.02,11.85
13,8.83,13.05,10.39,11.28,11.57,13.03
13.2,8.97,13.25,10.58,11.26,11.32,13.04
13.22,8.98,13.27,10.6,11.46,11.47,13.32
12.69,8.62,12.74,10.1,10.55,10.31,12.63
12.44,8.45,12.49,9.86,9.94,9.98,11.86
13.16,8.94,13.21,10.54,10.96,11.06,12.89
14.1,9.57,14.15,11.42,12.16,11.74,14.32
14.7,9.97,14.76,11.99,12.45,12.9,14.5
15.03,10.2,15.1,12.31,12.61,13.33,14.75
15.16,10.28,15.23,12.43,12.92,13.97,15
14.55,9.87,14.61,11.85,12.07,12.78,14.29
13.9,9.43,13.96,11.24,11.07,11.84,13.22
14.01,9.51,14.07,11.35,11.32,11.38,13.56
14.96,10.15,15.02,12.24,12.66,12.87,14.93
15.67,10.63,15.74,12.91,13.29,14.03,15.64
15.83,10.73,15.9,13.06,12.79,14.19,15.63
16,10.85,16.08,13.23,13.16,14.51,15.9
15.86,10.75,15.94,13.09,13.03,14.06,15.67
15.66,10.62,15.73,12.91,12.31,13.46,14.86
16.44,11.14,16.51,13.64,13.21,14.47,15.92
17.63,11.94,17.71,14.76,14.61,15.92,17.66
18.36,12.43,18.45,15.45,15.32,16.83,18.24
18.5,12.52,18.59,15.58,14.88,17.53,17.92
18.4,12.46,18.49,15.49,14.16,18.31,17.6
18.22,12.34,18.31,15.32,14.47,17.27,17.34
18.14,12.28,18.23,15.24,14.47,16.8,17.38
18.27,12.37,18.36,15.37,14.75,16.77,17.58
18.53,12.54,18.62,15.61,15.06,17.41,18.12
18.42,12.47,18.51,15.51,14.83,16.86,17.72
18.48,12.51,18.57,15.57,14.65,17.12,17.69
18.84,12.75,18.93,15.91,15.45,18.72,18.21
18.29,12.39,18.38,15.39,14.5,17.65,16.88
18.03,12.21,18.11,15.14,13.79,17.46,16.55
18.43,12.48,18.52,15.52,14.21,18.44,17.28
18.88,12.78,18.97,15.94,15.17,18.79,18.34
18.57,12.57,18.66,15.65,14.68,17.75,18.15
18.03,12.21,18.12,15.14,14.11,16.81,17.61
17.63,11.94,17.72,14.77,13.25,16.92,16.89
19.4,11.99,16.88,14.84,14.1,17.49,17.46
15.15,11.26,15.04,13.81,12.84,16.32,16.81
15.9,11.35,15.48,13.93,13.46,17.37,16.87
15.19,11.31,15.39,13.87,13.46,17.12,17.02
15.39,11.36,16.06,13.94,13.82,16.71,16.25
15.76,11.61,16.42,14.3,14.21,17.11,17.69
15.78,11.56,16.07,14.23,14.28,17.01,17
15.69,11.47,15.98,14.1,14.02,17.24,16.04
16.36,11.62,16.35,14.31,14.12,17.28,16.31
17.07,11.84,17.13,14.62,14.71,17.83,17.94
14.38,11.01,15.64,13.46,13.09,16.23,16.83
13.17,10.25,13.87,12.38,11.36,14.67,15.09
14.56,10.67,14.71,12.98,12.66,16.47,16.35
15.1,10.79,15.64,13.14,13.47,16.41,16.78
12.89,9.77,13.68,11.71,11.18,14.17,13.92
12.45,9.51,12.56,11.35,11.89,13.28,14.52
12.45,9.59,13.3,11.45,11.79,13.26,14.86
13.13,9.84,13.88,11.81,12.07,13.79,14.82
13.98,10.2,14.65,12.31,12.38,14.55,15.11
14.49,10.51,15.49,12.75,12.83,15.62,16.04
13.55,10.11,14.58,12.19,12.29,13.03,15.24
13.93,10.18,14.8,12.28,12.46,14.32,15.47
13.74,9.97,14.51,12,12.21,14,15.11
12.27,9.51,13.07,11.34,11.27,12.11,14.95
12.86,9.81,13.6,11.76,12.07,12.33,15.44
14.99,10.61,15.29,12.9,13.37,14.66,16.38
15.23,10.86,15.9,13.24,13.87,15,17.6
14.04,10.02,14.93,12.07,12.19,14.04,15.32
10.79,8.7,12.25,10.2,10.02,12.11,13.14
9.25,8.06,10.05,9.3,9.03,10.98,12.17
12.43,9.06,12.32,10.71,11.84,12.72,14.93
12.46,9.24,13.34,10.96,11.23,13.18,13.87
12.6,9.3,13.27,11.05,11.21,13.13,13.99
12.42,9.36,13.31,11.13,11.23,13.3,14.18
12.56,9.51,13.49,11.34,11.38,13.93,14.47
12.79,9.61,13.6,11.48,11.58,14.27,14.59
12.72,9.54,13.47,11.39,11.46,13.82,14.46
12.53,9.47,13.4,11.29,11.33,13.44,14.42
12.78,9.54,13.54,11.38,11.49,13.67,14.69
10.61,9.48,12.17,11.31,11.56,13.8,14.61
15.45,10.48,15.52,12.7,11.87,15.51,15.81
16.1,10.91,16.18,13.32,12.86,15.47,16.56
15.87,10.76,15.94,13.1,12.4,15.57,15.51
15.3,10.38,15.37,12.56,11.83,14.88,15.02
14.52,9.85,14.58,11.82,11,15.02,14.16
13.24,8.99,13.29,10.61,9.07,13.42,11.72
13.1,8.9,13.15,10.48,10.28,12.38,12.78
12.89,8.76,12.94,10.28,10.22,12.79,12.58
12.17,8.28,12.22,9.61,9.37,11.21,12.02
11.58,7.88,11.62,9.05,9.01,10,11.49
11.37,7.74,11.41,8.85,8.81,9.64,11.18
11.73,7.98,11.78,9.19,9.4,10.72,11.85
11.82,8.04,11.86,9.27,9.22,11.25,11.47
11.85,8.06,11.89,9.3,9.44,10.84,11.81
11.74,7.99,11.78,9.2,9.2,11.66,11.54
11.18,7.61,11.22,8.67,8.24,11.38,10.88
10.48,7.14,10.51,8.01,7.58,11.1,10.42
9.36,6.39,9.39,6.96,6.76,9.75,9.01
8.14,5.57,8.16,5.8,5.32,7.28,7.08
8.37,5.72,8.38,6.01,6.22,7.28,7.54
9.47,6.46,9.49,7.05,7.98,9.1,9.35
9.89,6.74,9.92,7.45,8.28,9.74,10.2
9.24,6.31,9.26,6.83,7.03,8.79,9.14
8.52,5.82,8.54,6.16,6.38,7.55,8.39
8.14,5.57,8.16,5.8,6.17,7.4,7.41
8.3,5.68,8.32,5.95,6.77,7.26,7.86
8.62,5.89,8.64,6.25,7.09,7.62,8.57
8.76,5.99,8.79,6.39,7.38,8.2,9.04
8.16,5.58,8.17,5.81,6.48,7.94,7.77
7.35,5.04,7.36,5.05,5.55,6.74,6.8
6.92,4.75,6.93,4.65,5.54,6.04,6.13
6.94,4.77,6.95,4.67,5.78,6.67,6.5
6.69,4.59,6.69,4.43,5.27,5.73,6.27
6.77,4.65,6.78,4.5,5.7,6.39,7.25
6.02,4.14,6.02,3.79,4.26,5.53,5.72
5.64,3.89,5.64,3.44,4.16,5.14,5.13
5.65,3.9,5.65,3.45,4.01,4.85,4.73
6.59,4.53,6.6,4.34,5.24,5.58,6.49
7.68,5.26,7.69,5.36,6.72,7.54,8.09
7.57,5.19,7.58,5.26,6.18,7.02,7.54
7.13,4.89,7.14,4.84,5.45,6.33,6.37
7.25,4.97,7.26,4.96,6.03,6.58,7.19
7.07,4.85,7.08,4.79,5.21,6.9,5.83
7.55,5.17,7.56,5.24,6.29,7.76,7.38
7.25,4.97,7.26,4.96,5.74,6.63,6.82
7.06,4.84,7.06,4.77,5.65,6.29,6.84
6.88,4.72,6.89,4.61,6.02,7.16,6.91
5.62,3.87,5.61,3.41,4.29,5.78,5.24
4.17,2.9,4.16,2.05,2.65,3.7,3.13
3.74,2.61,3.72,1.64,2.23,3.8,3.69
3.48,2.44,3.46,1.39,2.18,2.56,3.32
3.9,2.72,3.89,1.8,3.09,2.86,3.77
4.63,3.21,4.62,2.49,3.9,3.86,4.62
5.23,3.62,5.23,3.05,4.66,4.18,5.41
5.5,3.8,5.5,3.3,5.02,4.37,5.76
5.31,3.67,5.31,3.13,4.22,4.42,5.61
5,3.46,4.99,2.83,3.75,3.8,5.87
4.55,3.16,4.55,2.41,3.7,2.85,4.73
4.5,3.12,4.49,2.36,3.66,3.17,4.3
4.84,3.36,4.84,2.68,3.93,4.1,4.71
5.22,3.61,5.21,3.04,4.22,5.3,5.87
4.65,3.22,4.64,2.5,3.43,3.56,4.7
4.44,3.08,4.43,2.3,3.02,3.9,4.46
4.5,3.12,4.49,2.36,3.46,4.24,4.49
4.38,3.04,4.37,2.25,3.18,4.31,4.22
4.23,2.94,4.21,2.1,2.85,4.48,4.08
4.01,2.79,3.99,1.89,2.69,3.75,3.63
4.16,2.89,4.14,2.03,2.9,4.18,4.16
4.2,2.92,4.18,2.07,2.5,3.91,4.47
4.46,3.1,4.45,2.32,2.95,4.1,5.06
4.58,3.18,4.57,2.44,2.77,4.16,5.31
4.73,3.28,4.73,2.58,3.23,4.14,5
5.03,3.48,5.03,2.86,3.14,4.03,5.77
5.66,3.9,5.66,3.45,3.47,4.51,7.17
6.29,4.33,6.29,4.05,3.31,5.66,8.54
6.64,4.56,6.65,4.39,4.37,5.28,8.01
7.1,4.87,7.11,4.81,5.71,5.43,7.98
7.37,5.05,7.38,5.07,6.14,5.7,8.12
7.38,5.06,7.39,5.08,6.31,5.63,8.37
6.9,4.74,6.91,4.63,5.79,5.11,8.23
5.87,4.04,5.87,3.65,4.35,3.72,6.35
5.51,3.81,5.51,3.32,3.99,3.78,5.26
6.15,4.23,6.15,3.92,5.42,4.5,6.62
6.55,4.5,6.55,4.29,5.56,4.82,7.02
6.87,4.72,6.88,4.6,5.83,4.94,7.57
7.08,4.85,7.08,4.79,6.01,5.43,7.37
7.22,4.95,7.23,4.93,6.28,5.33,7.77
7.17,4.92,7.18,4.89,5.77,5.16,7.62
7.42,5.08,7.43,5.12,6.39,4.99,8.35
7.55,5.18,7.57,5.24,6.47,5.34,8.66
7.37,5.05,7.38,5.07,6.03,5.28,8.21
7.17,4.92,7.18,4.89,5.66,5.27,7.72
7.23,4.96,7.24,4.94,6.54,5.74,7.87
6.61,4.54,6.61,4.35,4.78,4.61,6.74
6.89,4.73,6.89,4.61,6.07,4.98,7.01
7.21,4.95,7.22,4.92,6.31,5.2,8.16
7.14,4.9,7.15,4.86,6.1,4.97,8.25
6.77,4.65,6.78,4.5,5.18,4.27,6.88
7.39,5.07,7.41,5.09,6.52,5.32,8.26
7.64,5.23,7.65,5.33,7.02,5.78,8.73
7.01,4.81,7.02,4.73,6.01,4.88,8.2
6.01,4.14,6.01,3.79,3.77,3.23,5.45
7.22,4.95,7.23,4.93,6.03,5.16,7.54
8.65,5.91,8.67,6.28,7.56,6.77,9.39
9.59,6.54,9.61,7.17,8.53,7.52,10.44
9.86,6.72,9.89,7.42,8.45,7.4,10.37
10.12,6.9,10.15,7.67,8.53,7.59,10.83
10.36,7.06,10.39,7.89,8.79,8.1,11.34
10.19,6.94,10.22,7.73,7.96,7.92,10.94
10.28,7.01,10.32,7.82,8.19,7.88,10.83
10.74,7.31,10.77,8.25,8.7,8.53,11.19
11.36,7.73,11.39,8.84,9.49,9.34,12.12
11.59,7.89,11.63,9.06,9.67,9.67,12.17
11.51,7.83,11.55,8.98,9.49,9.44,11.86
11.42,7.77,11.46,8.9,9.07,9.46,11.47
11.73,7.98,11.77,9.19,9.48,9.61,11.78
12.36,8.4,12.4,9.78,10.35,10.53,12.34
12.91,8.77,12.95,10.3,10.69,10.96,12.74
13.57,9.21,13.62,10.93,11.26,11.74,13.59
14.11,9.58,14.17,11.44,12.07,12.84,14.24
13.84,9.39,13.89,11.18,11.1,12.99,13.05
13.65,9.27,13.71,11.01,10.73,13.12,12.09
14.05,9.54,14.11,11.38,11.6,13.06,13.07
14.5,9.84,14.56,11.8,11.92,13.6,13.86
14.71,9.98,14.78,12.01,12.34,13.9,14.2
14.39,9.77,14.45,11.7,11.55,13.15,13.61
14.35,9.74,14.41,11.66,11.58,13.09,13.54
14.57,9.88,14.63,11.87,11.93,13.31,13.87
14.84,10.07,14.91,12.13,12.33,13.56,14.19
15.01,10.18,15.07,12.28,12.48,13.72,14.57
14.9,10.11,14.97,12.19,12.39,13.83,14.3
14.53,9.86,14.59,11.83,12.01,13.05,13.83
14.24,9.67,14.3,11.56,11.46,12.33,13.46
14.61,9.91,14.67,11.91,12.05,12.96,14.21
15,10.18,15.07,12.28,12.39,13.61,14.64
15.21,10.32,15.28,12.48,12.54,14.36,14.62
15.08,10.23,15.14,12.35,11.67,14.54,14.39
15.05,10.21,15.12,12.33,11.87,14.41,14.77
14.78,10.02,14.84,12.07,11.28,14.07,14.31
14.7,9.97,14.76,11.99,11.42,13.29,13.92
15.25,10.34,15.32,12.52,12.75,14.27,15.4
14.94,10.13,15,12.22,11.63,13.69,14.28
15.06,10.22,15.13,12.34,12.22,13.1,14.81
15.41,10.45,15.48,12.67,12.75,13.64,14.98
15.78,10.7,15.85,13.02,12.96,14.45,15.6
15.83,10.73,15.9,13.06,12.84,14.56,15.49
15.72,9.9,15.79,12.96,13.14,14.81,15.79
14.55,10.12,14.63,12.63,12.84,14.81,15.52
14.34,9.98,14.52,12.39,12.69,14.77,15.48
14.2,9.98,14.32,11.84,11.48,13.83,13.93
12.7,9.05,13.25,11.52,12.03,14.4,14.21
13.4,9.48,13.48,11.5,12.02,13.86,14.32
13.56,9.37,13.66,11.05,12.71,14.57,15.34
14.25,9.87,14.35,11.73,12.42,14.69,15.14
13.71,9.68,14.35,11.23,11.94,14.06,14.91
13.72,9.3,13.79,10.93,12.07,14.49,14.92
14.2,9.35,14.12,11.11,12.44,14.91,15.06
14.5,9.74,14.58,11.87,12.64,15.36,15.59
14.98,9.92,14.62,11.94,12.08,15.16,15.15
13.99,9.6,14,12.84,12.72,16.23,16.1
15.26,10.34,14.95,12.95,12.43,16.03,16.14
14.85,9.92,14.83,12.37,11.41,14.32,14.54
13.18,9.08,13.82,11.39,11.37,13.75,14.19
12.99,8.99,13.39,10.79,11.56,13.86,14.38
13.24,9.14,13.55,11.12,11.21,14.7,14.01
13.6,8.83,13.85,12.08,12.43,15.2,15.19
14.56,9.87,14.44,12.24,12.77,15.59,15.83
14.96,10.09,15.17,12.49,12.69,15.56,15.81
14.94,9.98,15.09,12.35,13,15.72,16.25
15.11,10.21,15.18,12.35,12.97,16.13,16.04
14.96,10.28,15.15,12.71,12.42,15.61,15.87
14.56,10.11,14.84,12.48,10.67,13.4,13.95
11.72,8.52,12.43,10.87,10.72,13.94,14.56
12.24,8.68,12.62,10.29,10.18,12.53,13.01
11.25,8.08,11.87,9.17,10.59,12.82,13.17
12,8.36,12.46,10.18,11.41,13.89,14.28
13.09,9.16,13.36,10.85,12.11,14.92,15
13.93,9.86,14.21,11.74,11.65,14.12,14.32
13.4,9.27,13.93,10.83,10.18,11.93,12.26
11.26,8.29,12.27,8.96,10.68,12.49,13.17
11.85,8.42,12.32,8.94,11.45,13.58,14.12
12.85,9.1,13.13,10.25,11.42,14.26,14.33
13.02,9.14,13.47,10.99,10.67,12.63,13.38
11.45,8.23,12.13,8.83,8.04,9.71,9.89
8.27,6.47,9.47,7.16,8.39,9.01,10.15
7.86,6.41,8.54,6.62,9.54,10.52,11.49
9.61,7.33,10.16,7.73,8.38,9.82,10.19
8.98,6.55,9.75,7.17,8.65,9.98,10.55
10.76,6.79,9.94,7.21,9.24,10.51,11.53
11.4,7.76,10.39,8.26,9.73,11.17,12.17
11.47,7.8,11.51,8.2,9.31,10.81,11.73
11.35,7.72,11.39,7.83,9.24,10.75,11.76
11.05,7.52,11.09,7.53,8.9,10.6,11.25
10.74,7.32,10.78,7.5,8.39,10.01,10.41
10.95,7.45,10.98,8.45,8.51,10.11,10.64
11.28,7.68,11.32,8.76,8.93,10.5,11.2
11.42,7.77,11.46,8.9,8.9,10.67,11.29
11.5,7.83,11.54,8.97,9.07,10.71,11.44
11.41,7.76,11.45,8.89,8.9,10.67,11.3
11.22,7.64,11.26,8.71,8.79,10.5,10.59
11.23,7.65,11.27,8.72,8.52,10.92,10.96
11.2,7.63,11.24,8.69,8.79,10.57,11.07
11,7.49,11.04,8.5,8.88,11.06,11.16
9.88,6.74,9.91,7.44,7.46,9.19,9.58
9,6.14,9.02,6.61,6.49,8.38,8.41
8.71,5.95,8.73,6.34,6.59,8.08,8.17
8.79,6,8.81,6.41,6.94,8.18,8.48
8.84,6.04,8.86,6.46,6.46,8.98,8.52
8.84,6.04,8.86,6.46,6.65,8.36,8.38
9.09,6.21,9.12,6.7,7.22,8.63,8.75
9.23,6.3,9.25,6.82,7.15,8.48,8.96
9.47,6.46,9.5,7.05,7.36,8.68,9.12
9.88,6.74,9.91,7.44,7.88,9.31,9.43
10.24,6.98,10.27,7.78,8.1,10.21,10.34
9.93,6.77,9.96,7.49,7.62,9.61,9.39
9.71,6.62,9.73,7.28,7.49,9.76,8.9
9.49,6.48,9.52,7.07,7.66,9.57,9.47
8.54,5.83,8.55,6.17,6.25,7.75,7.59
8.44,5.77,8.45,6.08,6.84,8.44,8.27
7.76,5.31,7.77,5.44,5.98,7.93,7.88
6.49,4.46,6.5,4.24,5.32,5.94,6.9
4.67,3.24,4.67,2.53,3.5,3.41,4.13
3.66,2.56,3.64,1.56,2.98,3.07,3.24
2.8,1.99,2.78,0.76,1.81,1.73,2.15
2.94,2.08,2.92,0.89,2.3,1.9,2.44
3.66,2.56,3.65,1.57,3.29,2.73,3.27
4.51,3.13,4.5,2.37,4.21,4,4.94
4.49,3.12,4.48,2.35,3.13,3.14,4.41
5.2,3.59,5.19,3.02,3.94,4.45,5.15
6.06,4.17,6.06,3.84,5.32,5.2,6.42
6.35,4.36,6.35,4.1,5.09,6.01,6.21
6.38,4.39,6.38,4.14,5.34,6.57,6.26
5.69,3.93,5.69,3.49,4.59,5.91,5.22
4.67,3.24,4.67,2.53,3.49,4.68,4.6
3.45,2.42,3.44,1.37,2.4,2.55,2.69
3.11,2.19,3.09,1.05,2.55,2.3,2.83
3,2.12,2.98,0.95,2.27,2.28,2.55
3.33,2.34,3.31,1.25,2.81,3.42,3.4
3.07,2.16,3.05,1.01,2.13,2.48,2.72
3.25,2.29,3.23,1.18,2.72,2.53,3.03
3.52,2.47,3.51,1.44,2.81,3.1,3.24
3.84,2.68,3.82,1.73,3.22,3.79,4.03
3.55,2.49,3.53,1.46,2.61,3.44,2.99
2.88,2.85,2.88,2.2,2.65,2.08,4.08
2.35,2.45,2.35,1.87,2.73,1.92,4.1
3.08,3.02,3.08,2.18,3.05,2.24,4.63
2.56,2.56,2.56,2.08,2.62,2,4.72
2.11,2.55,2.11,1.6,2.33,1.73,4.78
1.89,2.25,1.89,1.17,1.93,1.52,4.14
2.97,2.52,2.97,1.86,2.33,2.14,4.95
3.46,3.55,3.46,2.58,3.23,2.97,6.18
3.93,4.04,3.93,3,3.64,3.49,6.93
3.83,4.51,3.83,2.54,3.6,3.45,7.62
2.36,2.89,2.36,1.05,2.23,2.28,5.33
3,3.47,3,1.96,2.83,2.54,5.4
2.64,3.08,2.64,2.67,3.05,2.8,6.64
3.48,4.1,3.48,2.56,3.41,3.35,7.24
3.44,4.07,3.44,2.51,3.92,3.6,7.65
3.68,3.9,3.68,2.31,4.79,3.87,8.27
4.02,3.15,4.02,1.86,5.93,4,8.59
4.4,2.64,4.4,1.46,6.06,3.95,8.28
4.41,2.68,4.41,1.93,5.35,3.89,7.19
5.61,3.23,5.61,2.44,5.52,4.48,7.22
7.08,3.83,7.08,2.98,6.6,5.41,8.71
6.91,3.63,6.91,3.12,6.18,5.5,8.68
7.33,3.55,7.33,2.8,6.39,5.71,9.15
8.4,3.88,8.4,3.14,6.61,6.1,8.78
8.28,3.91,8.28,3.75,6.18,6.29,8.84
9.41,4.5,9.41,4.21,7.01,6.99,9.45
10,4.79,10,4.51,7.37,7.45,10.04
9.75,4.73,9.75,4.31,7.14,7.48,9.85
11.15,4.78,11.15,5.13,7.42,7.92,10.16
10.4,5.1,10.4,5.33,7.4,7.68,9.83
8.18,4.49,8.18,4.47,6.23,6.64,8.75
7.89,4.63,7.89,4.28,6.12,6.48,8.25
9.35,5.4,9.35,5.49,7.17,7.4,9.47
10.06,5.99,10.06,5.54,7.92,7.83,10.06
8.26,4.92,8.26,5.33,6.27,6.89,8.29
8.87,5.13,8.87,5.26,6.76,6.94,8.22
8.66,5.39,8.66,4.9,6.88,6.94,8.62
8.51,5.2,8.51,4.45,6.3,6.84,8.55
9.46,5.89,9.46,5.31,7.09,7.41,8.96
9.27,5.65,9.27,5.87,6.78,7.44,8.95
8.82,5.95,8.82,5.68,7.04,7.39,8.85
8.42,5.96,8.42,5.66,7.21,7.31,8.8
8.32,5.87,8.32,5.54,7.03,7.31,8.63
9.56,6.15,9.56,6.02,7.56,7.91,9.49
9.24,6.38,9.24,6.38,8.06,8.23,9.96
10.41,6.75,10.41,6.61,8.32,8.63,10.29
9.25,6.08,9.25,6.63,7.62,8.26,9.51
10.29,6.99,10.29,7.04,8.7,8.83,10.18
10.44,7.13,10.44,6.91,8.61,8.77,10.25
9.01,5.81,9.01,6,7.21,7.67,8.91
8.12,5.15,8.12,5.94,6.67,7.06,8.2
8.32,5.55,8.32,5.54,7.29,7.38,8.76
9.74,6.73,9.74,6.27,8.08,8.58,9.92
11.8,8.03,11.8,8.02,9.7,10.3,11.62
13.18,8.76,13.18,9.47,10.76,11.44,12.6
12.91,8.28,12.91,9.09,10.51,11.35,12.12
12.51,8.07,12.51,8.92,10.04,11.2,11.78
13.19,8.68,13.19,9.51,10.72,11.8,12.6
13.94,9.16,13.94,10.41,11.27,12.5,13.33
14.44,9.45,14.44,10.78,11.73,12.93,13.74
14.39,9.39,14.39,10.63,11.78,12.9,13.75
14.04,8.66,14.04,10.35,10.87,12.47,13.78
13.39,8.29,13.39,10.44,10.51,12.05,12.85
13.21,8.68,13.21,10.58,10.67,12.09,12.9
13.29,9.3,13.29,11.25,10.85,12.4,13.32
13.59,9.17,13.59,11.09,11.67,12.55,13.9
13.02,8.75,13.02,9.96,10.59,11.93,13.07
12.82,8.46,12.82,9.42,10.56,11.5,13.04
11.31,7.58,11.31,8.26,9.16,10.62,11.71
12.5,8.86,12.5,8.76,10.69,11.49,13.14
12.95,9.23,12.95,10,11.28,12.19,13.57
13.61,9.94,13.61,10.99,11.89,12.79,14.29
12.63,9.28,12.63,9.44,11.87,12.4,14.26
13.16,8.81,13.16,9.97,11.19,12.39,13.8
13.97,9.55,13.97,10.41,11.73,13.01,14.31
14.76,10.17,14.76,11.4,12.37,13.77,14.89
15.14,10.53,15.14,11.94,12.79,14.37,15.51
15.86,10.93,15.86,12.62,13.3,15.05,16.27
16.68,11.74,16.68,13.13,14.32,15.68,17.42
15.78,10.63,15.78,12.16,13.05,14.9,15.61
15.76,10.63,15.76,12.06,12.99,14.8,15.82
16.19,10.83,16.19,12.51,13.16,15.06,16.18
15.66,10.98,15.66,13.16,13.12,15.21,16.51
16.14,11.5,16.14,13.59,13.78,16.47,17.11
16.57,11.49,16.64,12.87,13.71,14.05,16.9
16.68,11.7,16.68,12.9,13.73,14.43,17.08
16.78,11.36,16.78,12.71,13.89,14.14,16.62
16.73,10.7,16.73,11.89,13.23,13.65,16.56
15.66,10.58,15.66,12.35,12.98,13.19,15.82
15.57,10.75,15.57,12.12,13.08,13.46,15.56
15.19,10.03,15.19,11.97,12.34,12.93,15.46
15.76,10.97,15.76,12.71,13.07,13.83,16.28
15.8,10.39,15.8,12.54,12.25,14.13,16.58
16.47,11.55,16.47,13.1,12.96,15.41,17.05
17.37,11.74,17.37,13.4,13.67,15.57,17.7
16.67,11.2,16.67,13.08,12.64,15.16,16.32
15.06,10.56,15.06,11.89,12.12,13.28,15.45
12.1,7.86,12.1,10.45,9.4,10.74,11.86
11.31,8.09,11.31,10.3,9.88,10.99,12.45
11.65,8.33,11.65,10.53,9.97,10.39,12.94
12.88,9.3,12.88,11.27,11.22,11.85,14.16
14.22,9.88,14.22,11.71,11.7,13,15.14
15.11,10.82,15.11,12.3,12.52,13.84,15.84
13.94,9.84,13.94,11.35,11.42,12.53,14.86
13.34,9.25,13.34,9.13,10.73,12.45,13.66
11.52,7.42,11.52,8.04,8.85,9.76,11.54
11.5,7.51,11.5,8.16,9.22,9.56,12.21
11.94,8.27,11.94,9.14,9.82,10.31,13.09
12.77,9.14,12.77,10.02,10.58,11.14,13.75
14.31,10.24,14.31,11.01,11.89,12.5,15.09
15.42,10.95,15.42,11.78,12.62,13.55,16.21
16.04,11.31,16.04,12.75,12.87,14.32,16.61
16.08,11.35,16.08,12.65,12.89,14.3,16.72
14.51,10.07,14.51,10.94,11.28,13.04,14.62
13.45,9.68,13.45,10.45,11.03,12.29,14.24
13.51,9.36,13.51,10.53,10.43,12.58,13.01
13.88,9.9,13.88,10.99,11.29,12.81,14.3
13.5,9.4,13.5,11.11,11.06,12.58,14.3
14.08,9.4,14.08,11.77,11.23,13.61,14.74
14.81,10.67,14.81,12.3,11.96,14.26,15.43
13.12,8.96,13.12,11.45,10.32,11.96,12.9
11.67,7.82,11.67,9.65,8.88,10.92,12
12.92,9.3,12.92,9.98,10.41,12.04,13.32
13.75,9.72,13.75,10.72,10.98,12.46,13.85
13.78,9.93,13.78,10.87,11.04,12.82,14.15
13.32,9.43,13.32,10.69,10.75,12.39,14.16
13.18,9.02,13.18,10.74,10.16,12.92,13.62
12.43,9.08,12.43,9.64,10.37,11.71,14.1
11.15,8.02,11.15,8.48,9.14,9.79,12.2
10.29,6.84,10.29,7.28,8.05,8.41,10.4
10.71,7.4,10.71,7.4,8.59,6.38,10.92
12.16,8.79,12.16,9.06,9.97,11.67,12.64
12.67,8.96,12.67,9.39,10.19,12.24,13.04
13.2,9.3,13.2,9.95,10.52,12.78,13.52
13.14,9.2,13.14,10.07,10.33,12.93,13.16
12.59,8.49,12.59,8.97,8.9,12.02,12.05
12.79,9.11,12.79,10.26,10.16,12.64,13.27
12.67,9.09,12.67,10.57,9.99,12.94,13.45
12.47,8.66,12.47,10.74,9.5,13.09,12.77
12.66,8.98,12.66,10.28,10,13.07,13.12
12.35,8.75,12.35,9.91,9.74,12.62,12.66
11.66,8.38,11.66,9.17,9.4,11.7,12.16
10,6.38,10,6.8,7.46,9.33,9.52
10.39,7.14,10.39,7.39,8.21,9.54,10.48
11.29,7.94,11.29,8.44,9.03,10.79,11.72
11.56,8.03,11.56,8.92,9.06,11.22,11.85
11.49,8.02,11.49,8.89,9.03,11.23,11.7
10.75,7.42,10.75,8.06,8.39,10.5,10.84
10.05,6.89,10.05,7.21,7.89,9.58,10.27
9.44,6.28,9.44,6.71,7.28,8.87,9.43
8.8,6.45,8.8,6.86,6.88,9.43,8.84
6.63,4.3,6.63,4.79,5.49,7.06,6.93
5.41,3.18,5.41,3.44,4.78,4.82,5.99
5.2,3.58,5.2,3.54,4.6,4.16,5.96
4.55,3.04,4.55,3.55,3.77,4.1,4.94
2.53,2.65,2.53,3.64,3.8,2.29,5.16
3.87,3.76,3.87,3.47,4.38,3.83,5.33
4.03,3.33,4.03,2.64,4.38,3.61,4.97
4.52,3.05,4.52,2.22,4.33,3.83,5.15
4.41,2.94,4.41,2.24,4.15,3.85,5.07
4.32,3.17,4.32,2.65,3.78,4.08,4.72
2.75,1.51,2.75,0.62,2.52,2.18,3.12
2.46,0.99,2.46,0.04,2.33,1.57,2.84
2.84,2.09,2.84,0.15,3.08,2.02,3.48
4.64,3.71,4.64,1.06,4.27,3.76,5.34
4.68,3.56,4.68,2.22,4.6,4.76,6.26
4.53,3.98,4.53,2.91,4.74,5.16,6.29
5.7,4.88,5.7,3.94,5.6,5.62,6.82
6.06,4.76,6.06,4.13,5.44,5.62,6.8
6.58,4.92,6.58,5.18,5.68,6.45,7.26
6.27,4.89,6.27,4.78,5.5,6.54,7.08
5.23,4.05,5.23,3.86,4.74,5.63,6.14
3.8,2.67,3.8,2.35,3.14,4.16,4.1
5,4.18,5,3.32,4.84,5.53,5.76
4.79,3.72,4.79,2.51,4.49,5.2,5.5
4.65,3.64,4.65,2.46,4.23,4.71,5.33
2.98,1.67,2.98,1.5,2.76,2.74,3.05
3.44,2.85,3.44,1.89,3.43,3.82,4
2.02,1.56,2.02,0.42,2.16,2.43,2.5
1.14,0.91,1.14,0.04,2.02,1.24,1.64
0.31,0,0.31,-0.02,0.87,0.29,0.65
1.32,1.52,1.32,0.1,2.82,1.47,2.67
3.34,3.07,3.34,1.42,3.14,3.71,4.95
3.38,2.49,3.38,1.52,3.1,3.52,4.82
2.33,2.18,2.33,1.25,1.94,2.85,3.84
2.21,1.79,2.21,0.5,2.23,1.68,3.88
3.09,2.39,3.09,1.03,3.14,2.42,3.96
3.77,3.3,3.77,1.89,3.85,2.92,5.85
3.6,3.16,3.6,2.46,3.58,3.59,5.72
4.61,3.95,4.61,2.95,4.47,4.83,7.01
4.36,3.73,4.36,2.53,3.63,4.38,5.78
4.31,3.4,4.31,2.91,3.13,5.5,4.86
4.88,4.14,4.88,3.35,3.94,5.25,6.02
5.62,4.9,5.62,3.93,4.8,5.74,7.68
4.94,4.61,4.94,4.02,5.28,5.91,7.64
4.97,5.15,4.97,3.62,6.26,5.61,8.58
4.61,4.82,4.61,3.6,6.48,5.86,8.41
5.3,4.56,5.3,3.23,6.59,5.55,7.99
4.39,3.76,4.39,2.62,5.79,4.83,7.53
5.6,4.38,5.6,3.36,6.78,5.62,8.48
5.83,3.35,5.83,2.34,5.45,4.83,7.55
3.88,2.28,3.88,2.14,3.44,3.44,5.24
2.47,2.26,2.47,1.84,3.23,3.37,4.29
2.78,3.03,2.78,2.32,3.62,3.88,5.12
4.97,3.59,4.97,3.02,4.67,3.76,6.29
5.49,4.08,5.49,3.36,5.67,4.85,6.83
6.21,4.67,6.21,4.54,6.11,5.83,7.87
5.94,4.01,5.94,3.98,5.92,5.31,8.23
4.76,3.12,4.76,2.77,4.31,4.26,6.51
4.83,4.11,4.83,2.95,5.7,4.95,7.31
7.4,4.83,7.4,4.79,7.2,5.84,9.43
6.76,4.25,6.76,4.32,5.93,5.52,8.43
6.95,4.75,6.95,4.17,6.52,5.55,9.07
7.03,4.26,7.03,3.68,6.1,5.38,8.8
8.1,4.42,8.1,3.88,7.21,5.91,9.22
7.06,3.55,7.06,3.73,5.81,5.21,7.98
7.87,4.71,7.87,4.44,7.31,6.19,8.95
7.95,4.23,7.95,4.46,6.4,5.96,8.62
9.24,5.48,9.24,5.03,7.87,7.43,9.75
9.98,5.43,9.98,5.08,7.38,6.85,9.47
9.33,5.22,9.33,5.53,7.04,6.95,9.07
7.03,4.15,7.03,4.49,5.07,5.75,6.86
6.64,4.54,6.64,4.52,5.7,5.81,7.65
9.07,6.03,9.07,5.81,7.5,7.08,8.97
10.43,6.53,10.43,6.5,8.21,7.63,10.07
11.34,6.96,11.34,6.75,8.7,8.22,10.98
11.55,6.78,11.55,7.2,9.05,7.87,11.51
9.2,5.34,9.2,4.99,6.87,6.14,9.04
6.57,4.1,6.57,4.1,5.03,5.23,7.47
7.81,5.53,7.81,5.8,6.62,6.54,8.68
9.89,6.45,9.89,6.87,8.02,8.56,10.23
8.32,5.22,8.32,5.95,6.36,7.25,7.88
8.6,6.39,8.6,5.39,7.88,6.31,9.85
9.59,6.56,9.59,6.01,8.44,7.51,10.81
10.78,7.45,10.78,7.44,9.25,9.27,11.37
11.56,7.72,11.56,8.45,9.71,9.55,12.32
11.27,7.32,11.27,7.69,8.98,9.49,11.5
12,8.07,12,8.13,9.88,10.05,12.18
12.76,8.25,12.76,8.81,10.31,10.62,12.61
13.24,8.61,13.24,9.58,10.73,11.28,13.05
13.58,8.54,13.58,10.94,10.9,11.77,13.69
13.38,8.55,13.38,10.68,10.34,12.15,12.66
13.6,8.83,13.6,10.17,10.56,11.89,12.66
13.29,8.73,13.29,9.54,10.3,11.68,12.4
12.56,8.05,12.56,8.56,10.22,11.09,12.51
12.24,8.19,12.24,8.4,10.14,10.67,12.46
12.76,8.7,12.76,8.92,10.85,11.33,12.97
12.79,8.54,12.79,8.81,10.92,11.1,13.16
13.34,8.89,13.34,9.87,11.2,11.79,13.38
14.13,9.66,14.13,10.79,11.97,12.76,14.38
14.83,10.11,14.83,11.6,12.46,13.7,14.56
14.6,9.45,14.6,11.65,11.62,13.9,14.49
15.39,10.27,15.39,12.21,12.56,14.76,15.34
15.25,10.34,15.25,12.25,12.62,14.41,14.92
13.99,9.53,13.99,10.54,11.71,12.99,13.66
13.41,9.16,13.41,9.92,11.29,12.1,13.29
14.24,9.86,14.24,11.03,12.13,12.99,14.36
15.05,10.41,15.05,11.98,12.75,14.01,15.07
15.68,10.88,15.68,12.47,13.25,14.73,15.54
15.46,10.54,15.46,12.43,13.13,14.65,15.58
15.32,10.36,15.32,11.91,12.8,14.26,15.3
14.92,10.03,14.92,11.61,12.43,13.71,14.89
14.65,9.23,14.65,11.21,11.51,13.29,15.02
14.93,10.08,14.93,11.16,12.28,13.89,15.28
15.17,10.39,15.17,11.64,12.67,14.13,15.4
15.57,10.73,15.57,11.88,13.04,14.5,15.86
16.07,11.12,16.07,12.51,13.45,15.1,16.21
15.27,10.01,15.27,12.75,12.02,15.13,14.88
15.7,11.58,15.7,12.33,13.65,15.92,16.88
15.2,10.63,15.2,11.65,12.58,14.83,15.32
15.72,10.7,15.72,12.73,13,15.35,15.55
15.97,10.98,15.97,13.3,12.7,15.68,16.44
15.64,11.11,15.64,13.49,12.75,15.76,16.13
15.32,10.73,15.32,12.88,12.43,15.18,15.74
15.12,9.92,15.12,12.3,11.56,14.42,15.43
15.3,10.45,15.3,12.22,11.76,14.54,15.82
15.21,10.74,15.21,12.81,12.11,14.71,15.94
15.32,10.36,15.32,13.17,11.68,15.13,14.85
15.93,11.17,15.93,14.32,12.64,16.43,15.68
16.02,11.17,16.02,13.97,12.95,16.2,16.86
15.06,10.58,15.06,12.75,12.08,14.67,15.14
14.54,9.79,14.54,12.69,11.15,14.85,14.44
13.63,9.7,13.63,12.19,10.99,14.56,14.29
12.38,9.03,12.38,11.1,10.07,12.57,12.88
13.05,9.42,13.05,10.32,10.88,11.87,13.8
13.29,9.49,13.29,10.93,10.97,12.61,14.04
13.99,9.9,13.99,11.04,11.4,13.27,14.72
14.93,10.39,14.93,11.75,11.95,14.1,15.38
15.39,10.74,15.39,12.43,12.31,14.81,15.8
15.44,10.66,15.44,12.59,12.18,15.16,15.71
14.97,10.39,14.97,12.19,11.78,14.72,15.27
14.75,10.07,14.75,11.55,11.23,14.73,14.98
14.31,9.87,14.31,11.3,11.16,13.86,14.47
14.18,9.93,14.18,11.41,11.05,14,14.16
13.79,10,13.79,10.76,11.29,14.06,14.89
12.69,8.65,12.69,9.78,9.68,12.33,13.09
13.11,9.16,13.11,10.06,10.36,12.47,13.51
13.79,9.81,13.79,10.75,11.08,13.26,14.32
13.4,9.71,13.4,11.17,10.97,13.09,14.09
13.31,9.86,13.31,11.11,11.21,13.63,14.72
11.58,8.38,11.58,9.12,9.31,11.51,11.76
9.95,7.51,9.95,7.76,8.31,10.27,10.91
9.5,7.34,9.5,6.59,8.5,9.58,10.55
9.69,6.92,9.69,7.55,8.34,10.02,11.41
9.91,7.55,9.91,8.19,8.99,10.46,11.74
10.77,8.26,10.77,8.48,9.57,11.09,11.61
12.12,8.67,12.12,9.24,9.98,11.85,12.88
12.68,8.84,12.68,10.04,9.99,12.22,13.4
11.7,7.85,11.7,8.33,9.08,11.32,11.78
9.46,6.24,9.46,6.61,7.22,8.9,9.24
9.7,6.84,9.7,7.37,7.64,9.18,9.95
9.94,7.36,9.94,7.69,8.01,9.68,9.99
8.46,6.25,8.46,7.23,6.85,9.1,9.31
8.56,6.46,8.56,7.03,7.5,8.54,9.87
9.1,6.55,9.1,6.9,7.56,8.75,9.87
9.99,7.08,9.99,7.6,8.1,9.56,10.45
10.19,6.66,10.19,8.04,7.74,9.82,10.65
10.48,7.16,10.48,8.47,8.22,11.05,11.56
10.23,7.24,10.23,7.97,7.98,10.52,10.81
10.39,7.27,10.39,8.77,8.19,10.45,10.57
10.81,8.09,10.81,9.35,8.76,11.65,11.57
11.3,8,11.3,9.8,8.89,12.02,11.99
9.51,6.56,9.51,9,7.44,10.57,9.96
9.09,6.63,9.09,8.31,7.36,10.39,10.69
9.16,6.15,9.16,7.42,7.09,9.32,9.56
8.81,5.96,8.81,8.2,6.67,9.45,8.96
8.64,5.86,8.64,6.53,6.68,8.65,8.93
9.19,6.56,9.19,7.04,7.35,9.22,9.41
9.93,7.09,9.93,7.56,7.96,9.74,10.34
9.78,6.79,9.78,7.69,7.67,9.74,10.05
10.13,7.32,10.13,8.36,8.16,10.31,10.6
10.23,7.22,10.23,8.28,8.08,10.36,10.57
9.82,6.79,9.82,8.08,7.6,10.04,9.99
9.56,6.69,9.56,7.69,7.46,9.6,9.86
9.77,6.96,9.77,7.7,7.69,9.74,10.06
10.13,7.29,10.13,7.96,7.89,10.18,10.17
9.75,7.02,9.75,7.99,7.58,10.14,9.57
9.48,7.28,9.48,8.13,7.66,10.4,9.7
9.52,7.57,9.52,7.29,7.98,10.25,10.61
8.86,6.36,8.86,6.76,6.86,9.38,9.89
8.45,6.44,8.45,7.22,7.03,9.49,9.13
7.07,4.79,7.07,5.32,5.28,7.57,7.32
7.41,5.66,7.41,5.85,5.9,7.34,7.51
9.01,6.87,9.01,7.83,7.46,9.4,9.7
9.41,6.62,9.41,7.36,7.53,9.89,9.76
6.86,4.21,6.86,4.22,5.04,6.67,6.59
6.33,4.2,6.33,3.8,4.92,5.86,6.35
6.28,4.22,6.28,3.86,4.97,5.79,6.46
6.63,5.13,6.63,4.62,5.55,6.99,7.29
6.52,5.31,6.52,4.67,5.63,7.02,7.21
7.34,5.56,7.34,5.05,6.24,8.06,8.38
6.02,3.87,6.02,2.84,4.68,5.83,6.16
5.55,3.65,5.55,2.57,4.38,4.87,5.61
5.54,3.64,5.54,2.64,4.41,4.77,5.67
5.41,3.6,5.41,2.82,4.31,4.87,5.61
5.16,3.41,5.16,3.53,3.88,5.13,5.59
4.36,3.04,4.36,3.08,3.12,4.75,4.66
3.12,1.53,3.12,2.23,2.07,4.18,4.17
1.08,1.49,1.08,1.17,1.5,3.25,3.03
1.17,1.12,1.17,1.17,1.48,2.47,2.74
1.59,1.29,1.59,1.28,2.41,2.28,2.88
2.66,2.19,2.66,1.54,3.26,3.57,3.83
2.97,2.3,2.97,1.95,3.15,3.7,4.07
3.25,2.56,3.25,2.36,3.26,4.08,3.97
4.87,3.44,4.87,1.72,4.23,4.07,4.97
4.39,3.99,4.39,1.74,4.42,3.88,4.84
4.94,4.54,4.94,3.02,4.95,4.46,5.25
4.98,4.16,4.98,2.4,4.35,4.49,4.89
3.71,3.77,3.71,2.13,3.94,3.65,4.03
3.32,3.69,3.32,2.13,3.66,4.04,3.97
2.5,3.45,2.5,1.56,2.82,3.49,3.8
3.18,3.46,3.18,1.75,2.53,3.58,3.64
4.14,4.3,4.14,2.58,3.08,4.85,5.14
3.23,3.7,3.23,2.28,3.06,4.53,5.97
2.55,3.12,2.55,1.72,2.65,4.46,6.29
2.34,2.89,2.34,1.82,2.52,4.61,7.16
1.89,2.57,1.89,1.45,2.15,4.37,6.79
0.97,1.94,0.97,0.83,1.54,3.63,6.25
1.08,2.21,1.08,1.39,1.79,3.02,4.43
2.04,2.69,2.04,1.71,2.43,3.25,5.13
2.83,2.69,2.83,1.81,2.52,3.8,5.04
3.81,3.68,3.81,2.21,3.58,4.79,7.04
3.01,3.28,3.01,1.8,3.59,4.55,6.53
2.18,3.22,2.18,1.88,4.16,4.28,6.83
2.3,2.86,2.3,1.68,4.44,4.37,6.86
2.55,2.94,2.55,1.54,4.24,4.06,5.98
2.71,2.87,2.71,1.46,4.64,4.05,6.73
3.25,3.24,3.25,2.12,5.64,4.51,7.46
2.24,2.19,2.24,1.89,3.81,3.75,6.73
3.14,2.71,3.14,1.98,4.51,3.48,6.44
4.14,3.23,4.14,1.95,5.12,3.93,6.49
3.18,2.72,3.18,2.02,3.83,3.37,5.11
4.52,3.69,4.52,2.57,5.29,4.37,6.77
4.64,3.88,4.64,2.6,5.46,4.7,7.2
5.37,4,5.37,2.54,5.9,5.1,7.66
4.75,2.68,4.75,2.26,4.19,4.43,6.39
5.45,4.21,5.45,2.73,5.95,4.48,7.3
6.66,4.41,6.66,3.48,6.74,5.08,8.56
7.29,4.55,7.29,3.19,7.53,5.46,10.1
7.05,3.82,7.05,2.57,6.71,5.12,10.02
5.11,3.06,5.11,2.05,5.27,4.31,8.12
7.24,3.99,7.24,2.68,6.76,5.53,8.99
7.26,3.76,7.26,2.93,6.33,4.37,9.11
7.14,4.02,7.14,3.37,6.22,4.2,8.8
7.73,4.35,7.73,3.68,6.94,5.04,9.62
8.46,4.66,8.46,4.24,7.37,5.48,10.05
7.39,3.96,7.39,3.67,6.28,4.91,9.22
8.73,4.96,8.73,4.71,7.18,5.65,9.61
9.47,5.03,9.47,3.84,7.24,5.66,9.83
8.53,4.38,8.53,3.41,6.18,4.68,8.46
9.03,4.99,9.03,4.27,6.45,5.33,8.84
7.35,4.05,7.35,3.57,5.12,4.43,7.73
8.47,5.35,8.47,3.94,6.94,5.45,8.75
10.65,6.18,10.65,4.98,7.83,5.98,10.11
11.68,6.58,11.68,5.68,8.56,6.65,11.19
11.76,6.53,11.76,6.12,8.57,6.81,11.29
12.24,6.89,12.24,5.88,9.22,6.97,11.87
11.45,6.31,11.45,5.79,8.5,6.49,10.87
10.58,6.06,10.58,5.8,7.84,6.07,10.21
11.17,6.56,11.17,6.25,8.36,6.57,10.64
11.62,7.04,11.62,6.85,8.82,7.08,11.21
12.69,7.67,12.69,7.54,9.72,8.09,12.24
12.11,6.85,12.11,6.62,9.19,7.32,12.04
11.22,6.54,11.22,6.24,8.51,7.49,10.96
11.38,6.93,11.38,6.68,8.78,7.47,10.82
12.23,7.47,12.23,7.41,9.5,8.2,11.75
13.18,8.02,13.18,8.06,10.26,9.04,12.52
13.28,8.02,13.28,8.31,10.35,9.34,12.53
13.73,8.31,13.73,8.55,10.78,9.89,12.9
13.99,8.37,13.99,8.57,10.94,10.22,13.01
12.09,6.96,12.09,7.82,9.07,8.88,11.26
12.08,7.91,12.08,8.37,10.08,9.86,11.55
12.11,7.5,12.11,7.67,9.57,9.26,11.16
12.51,8.16,12.51,8.2,10.01,10.03,11.74
13.28,8.73,13.28,9.04,10.84,11.09,12.36
13.85,8.86,13.85,9.04,10.91,11.54,12.58
14.12,8.84,14.12,9.21,10.75,12.07,12.44
12.94,8.04,12.94,8.79,9.81,11.31,11.79
12.73,8.37,12.73,8.72,10.27,10.8,12.04
13.56,9.06,13.56,9.44,11.2,12.29,13.16
13.8,9.19,13.8,9.81,11.3,12.27,12.89
14.08,9.29,14.08,10.26,11.54,12.44,13.12
13.68,8.76,13.68,10.24,10.92,12.08,12.87
13.27,8.72,13.27,9.56,10.9,11.43,12.65
13.22,8.88,13.22,9.51,11.03,11.4,12.91
13.6,9.34,13.6,10.14,11.31,12.08,13.11
13.27,8.78,13.27,9.46,10.93,11.42,12.74
13.92,9.38,13.92,10.26,11.57,12.39,13.62
15.12,10.13,15.12,11.43,12.55,14.06,14.5
14.57,9.63,14.57,10.79,11.92,13.34,13.98
13.23,9.25,13.23,10.1,11.49,12.58,13.43
13.72,9.32,13.78,10.24,11.56,12.49,13.62
13.75,9.57,13.81,10.6,10.73,12.85,13.95
13.63,9.02,13.68,9.75,11.12,11.6,13.56
14.65,10.16,14.71,11.31,12.09,14.07,14.59
15.04,9.89,15.1,12.34,11.87,15.7,15.11
14.46,9.36,14.53,11.81,11.15,14.5,13.25
14.43,9.7,14.49,11.73,11.82,14.54,14.35
13.36,8.5,13.41,10.15,10.44,12.24,13.1
13.27,8.64,13.33,9.75,10.53,12.1,13.71
13.69,8.84,13.74,10.89,10.74,13.49,13.91
13.86,8.84,13.92,11.33,10.59,14.15,14.06
13.67,8.48,13.73,10.76,10.28,13.52,13.58
14.13,9.45,14.19,10.94,11.42,13.88,14.49
13.98,9.31,14.04,10.63,11.05,13.32,14.24
13.84,9.33,13.9,10.36,11.04,13.17,13.89
13.78,9.28,13.84,10.34,11.21,13.01,13.79
13.72,9.09,13.77,10.45,10.82,12.82,13.67
14.02,9.48,14.08,10.83,11.4,13.31,14.33
13.89,9.6,13.94,10.32,11.42,13.31,13.87
13.39,8.91,13.44,9.65,10.71,12.5,13.21
13.51,9.13,13.56,10.07,10.89,12.68,13.64
13.64,9.11,13.69,10.48,10.96,13,13.8
13.58,9.13,13.63,10.13,10.97,12.72,13.57
13.65,9.1,13.71,10.34,10.59,13.08,13.42
14.14,9.54,14.2,11.3,10.92,13.66,13.91
14.6,10.14,14.66,11.36,11.65,14.22,14.31
14.69,9.95,14.76,11.5,11.55,14.29,14.25
14.86,9.89,14.92,11.41,11.53,14.03,14.43
15.74,10.93,15.81,12.62,12.88,15.23,16.11
15.51,10.69,15.58,12.24,12.63,14.95,15.71
14.54,9.15,14.6,11.81,10.58,13.93,13.68
14.97,10.21,15.03,12.2,11.61,14.76,14.83
14.94,10.27,15,12.02,11.88,15.43,14.42
14.1,9.35,14.16,11.09,10.98,14.22,13.74
13.17,8.66,13.22,10.51,10.2,12.95,13.12
12.08,7.7,12.12,9.41,9.13,11.71,11.48
11.7,7.88,11.74,8.43,9.26,11.17,11.51
11.55,7.82,11.59,8.05,9.22,10.93,11.54
11.65,7.89,11.69,8.24,9.37,10.98,11.81
11.8,7.97,11.85,8.53,9.33,11.15,11.89
12.09,8.12,12.13,9.3,9.51,12.22,11.8
12.03,8.14,12.07,9.03,9.44,11.77,11.61
12.05,8.3,12.09,8.94,9.55,11.4,11.76
12.16,8.48,12.2,8.85,9.69,11.56,11.91
12.27,8.32,12.32,9.69,9.62,11.87,11.87
12.25,8.2,12.29,9.64,9.52,11.82,12.19
12.05,8.14,12.09,8.66,9.4,11.53,11.81
12.25,8.29,12.3,9.05,9.86,11.67,12.37
12.31,8.51,12.35,9.17,9.92,12.14,12.49
11.72,7.78,11.76,8.93,8.8,11.25,11.06
11.79,8.27,11.83,9.55,9.35,12.09,11.99
10.43,6.48,10.47,7.3,7.77,9.87,9.93
10.4,6.84,10.43,7.83,7.95,10.16,9.95
10.63,7.3,10.66,7.51,8.42,10.49,10.73
10.56,7.19,10.6,7.35,8.45,10.25,10.43
10.51,7.16,10.54,7.28,8.43,9.97,10.43
10.55,7.11,10.59,7.57,8.37,10,10.42
10.72,7.29,10.76,8.01,8.53,10.38,10.5
10.69,7.24,10.73,7.9,8.45,10.41,10.47
10.56,7.09,10.59,7.68,8.05,10.21,10.3
10.7,7.27,10.73,7.91,8.4,10.46,10.59
10.65,7.11,10.68,7.87,8.32,10.22,10.43
10.72,7.2,10.75,8.67,8.46,10.37,10.66
10.21,6.65,10.24,7.37,7.83,9.66,9.85
10.28,6.81,10.32,7.54,7.81,10.46,10.08
10.35,6.61,10.39,8.07,7.72,10.71,9.86
10.52,7.06,10.56,8,8.29,11.18,10.44
9.89,6.51,9.92,7.5,7.49,10.12,9.56
9.15,6.37,9.17,7.45,6.76,9.52,8.99
7.52,4.17,7.54,6.22,5.21,7.49,7.11
6.45,3.67,6.46,4.72,4.45,6.14,5.41
6.58,4.31,6.58,4.17,5.07,6.28,6.05
7.09,4.81,7.09,4.67,6.06,7.08,7.31
6.74,4.63,6.75,4.12,5.56,6.18,6.64
6.35,4.09,6.35,3.68,4.79,6.01,6.25
6.41,4.05,6.41,4.19,5.04,6.44,6.13
6.45,4.06,6.46,3.84,5.25,6.07,6.08
6.92,4.46,6.93,4.17,5.42,6.32,6.28
8.22,6.04,8.23,5.28,7.04,8.42,8.61
8.21,5.77,8.23,5.7,6.61,8.36,8.31
7.39,4.94,7.4,5.5,5.51,7.76,6.55
6.47,4.3,6.48,4.24,5.03,6.43,5.9
5.65,3.57,5.65,3.06,4.54,4.99,5.66
5.21,3.37,5.2,2.87,3.84,4.79,4.53
5.52,3.62,5.52,3.53,4.19,5.14,5
6.1,4,6.1,4.52,4.81,5.83,6.1
6.14,3.83,6.15,4.19,4.74,5.75,5.79
6.44,4.47,6.44,4.65,5.47,6.34,6.7
5.56,3.93,5.56,3.85,4.65,5.64,5.44
3.71,1.93,3.69,1.8,2.84,3.1,3.37
2.57,0.99,2.54,0.42,2.08,1.94,2.24
2.43,1.45,2.41,0.62,2.24,1.68,2.5
2.24,0.87,2.21,0.18,1.85,1.2,1.43
3.45,2.7,3.43,1.6,3.25,3.13,3.55
3.64,2.24,3.62,1.48,3.22,2.85,3.19
4.26,2.97,4.25,2.04,3.35,3.97,5.29
4.06,2.34,4.05,2.14,2.8,3.69,4.37
4.13,2.53,4.11,1.37,3.27,3.45,5.21
4.2,2.55,4.19,1.65,3.15,3.56,4.29
4.9,3.06,4.89,2.65,4.17,4.03,5.22
5.61,3.49,5.61,3.19,4.9,4.68,6.21
6.16,3.78,6.16,3.6,5.46,5.35,7.07
6.3,3.71,6.3,3.57,5.7,5.39,7.4
6.11,3.54,6.11,3.09,5.87,5.07,7.05
5.73,3.28,5.73,2.91,5.22,4.31,5.98
6.02,3.47,6.03,3.46,5.65,4.72,6.46
6.46,3.68,6.46,3.86,6.2,5.22,7.07
6.81,3.72,6.81,4.08,6.65,5.54,8.03
6.78,3.33,6.78,4.07,6.17,5.3,8.38
6.9,3.71,6.91,4.14,6.92,5.69,8.82
6.13,2.98,6.13,3,5.2,4.54,6.96
6.63,3.99,6.63,3.8,6.49,5.01,7.94
6.66,3.95,6.66,3.96,6.1,4.95,7.78
6.65,4.09,6.65,4.12,3.98,5.29,8.25
7.46,4.19,7.47,4.28,9.51,5.67,8.25
6.92,3.63,6.93,3.92,6.95,4.94,8.53
6.33,3.5,6.34,3.3,6.97,4.3,6.35
6.19,3.61,6.19,3,7.87,4.27,5.66
5.94,3.09,5.95,3.17,7.65,3.99,5
5.96,3.34,5.96,3.04,7.59,4.25,4.9
6.1,3.31,6.1,2.63,8.47,4.25,5.01
6.34,4.31,6.35,3.9,4.86,4.63,6.45
7.3,5.44,7.31,5.26,4.89,6.23,8.23
7.91,5.75,7.92,5.55,5.61,6.72,9.04
8.16,6.01,8.17,5.13,5.85,6.48,9.73
8.34,6.6,8.35,5.92,4.22,7.19,10.51
8.29,6.01,8.3,5.45,4.75,6.79,10.53
8.48,5.88,8.5,5.29,6.39,6.54,10.22
8.83,6.59,8.85,6.07,6.96,7.38,11.26
7.67,3.87,7.68,4.33,8.46,5.3,7.76
7.3,4.35,7.31,3.8,8,4.83,7.1
7.6,5.01,7.61,4,8.39,5.14,7.85
7.79,4.81,7.81,4.62,8.34,5.99,9
7.09,3.67,7.09,4.06,8.65,4.66,6.21
7.02,4.33,7.03,3.27,7.6,5.16,6.47
7.67,5.5,7.69,4.79,5.58,6.18,8.39
8.7,5.94,8.72,5.86,7.26,6.81,9.47
9.77,7.09,9.8,6.36,8.84,8.13,10.77
9.93,6.64,9.96,6.09,9.86,7.27,10.28
10.24,6.95,10.27,7.06,9.61,7.91,10.66
10.34,6.79,10.37,6.71,10,7.76,10.89
10.5,7.21,10.53,7.69,10.21,8.68,11.09
9.42,6.1,9.45,5.89,8.55,7.29,10.49
8.46,4.61,8.48,4.48,8.28,5.45,8.47
9.47,6.19,9.5,5.9,9.5,7.12,9.46
10.69,7.36,10.72,7.44,9.59,8.71,11.16
11.65,7.97,11.69,8.6,10.21,10.32,12.36
11.75,7.78,11.79,8.54,10.15,10.16,11.67
12.1,8.19,12.14,9,10.72,10.44,12.2
12.12,8.37,12.17,8.99,11.07,10.75,12.47
11.15,6.89,11.18,7.31,10.26,9.16,11.09
11.02,6.88,11.05,6.9,11.07,8.39,10.46
11.85,8.06,11.89,8.5,10.99,10.09,11.81
12.3,8.05,12.34,8.68,11.55,10.52,11.99
12.79,8.59,12.83,9.41,11.5,11.47,12.49
13.01,8.54,13.06,9.86,10.86,11.71,12.99
13.43,9.01,13.48,10.04,11.7,12.28,13.07
13.72,9.29,13.78,10.74,12.13,12.91,13.13
13.36,8.61,13.41,9.64,12.6,11.71,12.33
13.38,9.32,13.43,10.11,10.34,12.06,13.27
13.82,9.2,13.88,11.01,11.43,12.95,13.11
14.34,9.54,14.4,11.4,12.08,13.93,13.9
14.35,9.56,14.41,11.67,10.32,14.04,14.57
14.53,9.2,14.59,11.93,11.62,13.79,13.96
15.1,10.16,15.16,12.85,12.49,14.8,13.81
15.19,10.35,15.26,12.66,11.79,14.97,13.97
15.37,10.67,15.43,12.81,12.43,15.24,14.78
14.62,8.7,14.68,11.8,12.8,13.86,12.97
14.76,10.06,14.83,11.44,12.99,13.76,13.37
14.91,10,14.97,11.8,13.32,14.27,14.35
14.14,8.46,14.2,10.92,12.44,12.91,12.96
14.43,9.65,14.49,11.68,10.95,13.57,13.9
15.24,10.48,15.31,12.4,12.33,14.71,14.8
15.55,10.02,15.62,12.66,13.29,14.74,14.21
16.14,10.68,16.21,13.18,12.91,16.18,15.36
18.11,10.92,18.11,13.39,12.62,15.93,15.43
15.9,11.15,15.9,13.08,12.88,15.67,15.71
15.96,11.32,15.96,13.14,12.79,15.89,16.22
15.62,10.63,15.62,12.04,12.36,14.77,15.17
14.32,9.22,14.32,11.83,11.79,13.75,14.16
15.12,10.63,15.12,12.73,11.66,14.97,15.66
16.23,11.29,16.23,13.54,12.15,16.43,15.89
16.43,11.26,16.43,13.58,12.59,16.59,15.47
16.46,11.15,16.46,13.39,13.92,16.41,16.12
16.49,11.28,16.49,13.42,11.86,16.12,16.18
16.06,11.2,16.06,13.3,10.27,15.98,16.12
15.85,10.96,15.85,12.99,12.02,15.6,15.59
15.37,10.53,15.37,12.26,11.06,15.01,14.9
15.14,10.43,15.14,12.17,11.53,14.75,14.7
15.28,10.6,15.28,11.73,11.21,14.61,15.24
15.71,11.12,15.71,12.5,11.31,15.38,15.83
16.77,12.27,16.77,13.43,11.12,16.72,17.51
15.78,10.62,15.78,13.41,11.38,16.08,15.38
14.37,9.37,14.37,13.45,12.08,15.56,13.62
15.05,10.84,15.05,13.63,11.93,16.01,15.32
14.94,9.97,14.94,13.21,11.33,15.38,14.58
14.79,10.41,14.79,12.83,10.5,15.25,14.85
14.59,9.78,14.59,12.65,11.71,14.93,14.33
14.6,10.26,14.6,12.81,10.78,15.03,14.31
14.53,10.22,14.53,12.52,10.98,14.84,14.36
14.79,10.47,14.79,12.68,10.66,14.91,14.46
15.5,11.02,15.5,12.92,10.26,15.63,15.32
15.47,10.81,15.47,12.79,9.27,15.52,15.28
15.01,10.35,15.01,12.43,9.43,15.21,14.76
14.41,9.48,14.41,12.99,11.15,15.42,14.11
15.03,10.49,15.03,12.8,10.35,16.28,15.11
14,9.86,14,12.43,9.81,14.83,14.18
13.89,10.1,13.89,12.59,9.37,14.83,14
13.77,9.79,13.77,11.64,9.07,13.91,13.66
13.36,9.38,13.36,10.67,10.46,13.23,13.23
12.56,8.58,12.56,9.47,8.94,12.28,12.08
12.51,8.74,12.51,9.55,8.5,12.46,12.32
13.8,10.12,13.8,11.58,8.86,14.77,13.82
13.65,9.48,13.65,11.38,8.69,14.57,13.49
12.94,8.99,12.94,10.78,8.12,13.23,12.66
12.31,8.68,12.31,9.97,8.56,12.36,12.1
12.02,8.51,12.02,9.89,9.01,11.69,11.78
12.64,9.65,12.64,10.59,8.99,13.21,13.68
11.69,8.2,11.69,9.14,9.13,11.61,11.74
11.41,7.91,11.41,8.78,8.02,11.11,11.16
11.7,8.24,11.7,9.03,6.97,11.31,11.54
11.76,8.25,11.76,8.95,7.39,11.56,11.58
10.82,7.62,10.82,8.73,7.52,11.43,9.42
10.94,7.95,10.94,9.03,7.98,11.41,10.57
11.62,8.26,11.62,9.25,7.14,11.58,11.64
11.51,8.45,11.51,10,7.16,12.08,11.69
11.49,8.38,11.49,9.45,7.72,11.05,11.92
10.51,7.27,10.51,7.8,7.53,8.39,10.5
9.51,6.31,9.51,6.39,7.37,7.09,9.39
9.58,6.69,9.58,6.58,7.21,7.64,9.63
9.9,6.99,9.9,7.05,7.42,7.78,9.57
10.26,7.27,10.26,7.16,8.13,8.68,10.18
9.51,6.7,9.51,7.91,8.8,8.81,9.32
9.15,6.74,9.15,7.29,9.53,8.21,9.08
9.7,7.13,9.7,7.37,8.64,8.42,9.79
10,6.99,10,7.36,8.08,8.48,9.83
9.74,6.94,9.74,7.19,6.95,7.88,9.78
9.24,6.79,9.24,7.28,8.54,7.87,9.48
9.06,6.94,9.06,7.26,7.76,8.71,9.52
9.57,7.71,9.57,8.45,8.13,10.21,10.47
10.15,8.02,10.15,8.92,9.33,11.78,10.87
11.32,8.45,11.32,9.35,6.21,11.94,11.64
10.29,7.82,10.29,8.39,4.26,10.27,11.31
9.89,7.13,9.89,7.69,4.13,9.06,10.46
8.74,6.14,8.74,7.1,3.71,8.21,9.58
9.76,7.59,9.76,8.2,5.35,9.54,11
9.61,6.89,9.61,7.71,4.14,8.75,10.1
9.29,6.61,9.29,7.08,2.73,7.92,9.62
8.99,6.36,8.99,6.86,0.96,7.61,9.24
7.25,5.04,7.25,5.05,1.61,5.41,7.76
5.53,3.45,5.53,2.93,2.32,4.74,5.64
4.64,2.9,4.64,2.05,0.65,3.8,4.69
4.05,2.4,4.05,1.7,2.01,3.12,4.07
4.17,2.75,4.17,1.86,2.76,3.17,4.35
4.55,3.22,4.55,2.06,3.13,3.7,4.87
4.85,3.48,4.85,2.57,4,4.17,5.2
5.5,4.04,5.5,3.16,4.48,4.94,5.87
5.69,4.05,5.69,3.3,4.68,5.09,6.07
5.84,4.19,5.84,3.31,4.9,5.34,6.33
6.27,4.85,6.27,4.9,5.45,6.88,6.76
6.3,5.19,6.3,5.17,5.73,7.2,7.19
6.36,5.34,6.36,6.47,6.01,7.62,7.75
6.89,5.98,6.89,6.6,6.03,7.99,8.3
4.8,3.18,4.8,3.86,4.45,4.59,5.14
4.39,3.03,4.39,2.69,3.9,3.83,4.88
3.98,3.16,3.98,3.53,3.92,4.14,4.56
5.28,4.82,5.28,3.59,4.49,5.64,6.61
4.41,3.11,4.41,1.29,3.6,4.55,5.31
2.43,1.63,2.43,0.11,2.32,2.4,3.61
0.5,0.09,0.5,0.07,1.32,1.63,1.59
0.69,0.46,0.69,0.14,1.2,1.01,1.55
1.18,1.42,1.18,0.36,1.44,1.57,2.32
0.34,0.04,0.34,0.01,1.02,0.31,1.14
0.85,1.03,0.85,0.07,1.46,1.23,2.28
1.53,2.42,1.53,0.27,2.17,2.24,3.42
2.41,3.44,2.41,1.31,2.98,3.56,4.53
3.6,3.59,3.6,2.28,3.63,4.4,4.98
4.29,3.84,4.29,2.75,4.54,4.39,6.34
4.52,4.15,4.52,2.96,4.98,5.12,6.99
4.13,4.14,4.13,2.69,4.82,5.48,6.23
4.28,4.22,4.28,2.86,5.41,5.56,6.69
4.53,4.29,4.53,2.81,5.76,5.92,7.07
4.61,4.01,4.61,2.58,5.77,6.06,7.46
5.66,4.27,5.66,2.62,6.65,6.13,8.28
6.61,4.09,6.61,2.45,6.84,6.01,8.93
7.95,4.25,7.95,2.71,7.39,5.96,9.11
7.75,4.07,7.75,2.8,6.84,5.7,8.96
8.49,4.55,8.49,3.09,7.5,6.31,9.43
9.38,4.82,9.38,3.54,7.94,6.57,9.94
9.77,5.01,9.77,3.78,8.04,6.36,10.08
8.85,4.86,8.85,3.55,7.22,5.89,9.11
7.72,4.64,7.72,3.58,6.84,5.93,8.73
7.14,4.57,7.14,3.38,6.5,5.46,8.67
7.44,4.95,7.44,3.28,6.78,5.73,8.18
6.8,4.18,6.8,3.41,5.78,5.41,7.82
7.53,5.42,7.53,4.45,7,6.36,8.65
7.91,5.09,7.91,4.31,6.7,6.29,8.67
6.64,5.08,6.64,3.42,7.15,5.46,8.66
5.96,4.46,5.96,3.21,6.22,4.22,7.97
6.08,4.57,6.08,3.44,6.17,4.78,7.83
7.51,5.55,7.51,3.99,6.87,6.23,8.8
7.56,5.09,7.56,3.91,6.69,5.8,8.63
7.17,5.15,7.17,4.65,6.77,6.35,8.83
7.34,5.1,7.34,4.69,6.78,6.32,8.45
7.26,4.89,7.26,4.06,6.66,5.77,8.48
7.08,5.22,7.08,4.4,7.06,5.95,8.45
8.38,6.13,8.38,4.96,7.86,6.73,9.4
9.84,6.83,9.84,5.49,8.82,7.67,10.93
10.19,6.83,10.19,5.32,8.92,8.07,11.88
9.72,6.64,9.72,5.53,8.6,7.63,10.97
10.72,7.23,10.72,6.24,9.4,8.64,11.71
11.71,7.79,11.71,6.8,10.12,9.5,12.67
12.07,7.84,12.07,7.11,10.29,10,12.97
12.65,8.44,12.65,7.65,10.91,10.96,13.36
13.28,8.52,13.28,7.56,11.11,11.08,13.71
13.48,8.74,13.48,7.76,11.27,11.47,13.75
13.93,9.17,13.93,7.79,11.79,11.91,13.82
13.71,8.55,13.71,7.89,10.76,12.16,13.19
12.95,8.5,12.95,7.43,10.65,11.6,13.04
11.38,7.16,11.38,6.67,9.23,10.51,11.94
9.81,6.63,9.81,5.26,8.69,8.67,11.25
11.14,7.54,11.14,6.4,9.4,9.33,11.84
12.13,8.4,12.13,7.8,10.38,10.72,13.04
12.82,8.44,12.82,8.58,10.93,11.9,13.97
13.45,9.42,13.45,8.86,11.5,12.48,14.21
11.92,7.71,11.92,7.27,9.76,11.04,12.68
9.22,6.84,9.22,6.47,8.91,8.52,11.12
8.87,5.99,8.87,5.58,8.01,7.33,10.52
9.77,7.22,9.77,6.04,8.87,8.62,11.63
10.05,7.66,10.05,6.33,9.31,9.42,11.76
11.03,7.97,11.03,7.47,10.01,10.91,12.55
10.48,7.51,10.48,7.43,9.18,9.72,11.45
10.88,8.28,10.88,8.14,10.02,9.95,11.97
13.36,10.09,13.36,9.85,12.21,12.22,14.47
15.11,10.96,15.11,10.95,13.28,13.86,15.78
15.76,10.82,15.76,12.29,13.04,15.24,16.3
16.76,11.87,16.76,12.97,14.28,16.31,17.34
17.84,12.37,17.84,13.36,15.07,16.78,17.76
18.56,12.79,18.56,13.78,15.42,17.78,17.61
18.51,12.9,18.51,13.8,15.23,18.1,16.99
17.35,11.99,17.35,12.77,14.35,16.43,16.69
16.53,11.05,16.53,12.24,13.34,15.47,16.66
15.92,10.98,15.92,11.92,12.81,14.63,16.1
16.28,11.62,16.28,12.04,13.73,15.13,16.81
15.66,11.55,15.66,12.43,13.58,15.24,16.59
16.04,11.59,16.04,12.26,13.62,15.19,16.67
16.6,11.78,16.6,12.55,13.65,15.61,16.6
15.08,10.72,15.08,12.09,12.24,15.02,14.83
14.82,11.48,14.82,11.2,13.03,14.74,15.99
15.69,11.32,15.69,11.24,12.92,15.11,16.22
16.05,11.37,16.05,11.54,13.13,15.08,16.21
16.04,11.58,16.04,12.13,13.39,15.37,16.67
15.92,11.21,15.92,12.61,13.21,15.92,17.32
17.12,12.56,17.12,13.6,14.34,16.8,18.83
17.09,12.03,17.09,13.47,13.77,16.56,17.12
17.23,12.19,17.23,13.15,13.94,16.48,17.11
17.31,12.28,17.31,13.13,13.99,16.66,16.47
16.93,11.81,16.93,12.85,13.48,16.29,16.31
16.36,11.45,16.36,12.52,13,15.67,15.83
16.38,11.6,16.38,12.5,13.09,15.75,16.1
16.26,11.49,16.26,12.79,12.87,16.12,16.12
15.62,11.01,15.62,12.72,12.33,15.49,16.05
16.05,11.11,16.05,12.57,12.47,15.42,16.01
15.94,11.37,15.94,13.01,12.66,16.15,16.76
15.28,11.12,15.28,12.48,12.45,15.19,16.11
14.38,10.11,14.38,11.78,11.55,14.1,14.66
15.48,11.41,15.48,12.2,12.71,15.15,15.99
14.74,9.98,14.74,11.9,11.27,14.45,14.44
16.09,11.42,16.09,11.46,12.74,14.69,15.84
14.88,10.56,14.88,10.48,11.7,13.57,15.4
14.6,10.32,14.6,11.06,11.65,13.93,15.22
14.92,10.79,14.92,11.56,12.05,14.43,15.4
15.39,10.86,15.39,12.34,12.17,14.83,15.76
15.88,11.41,15.88,12.57,12.67,15.7,15.98
15.83,11.29,15.83,12.32,12.55,15.55,15.43
14.84,10.82,14.84,12.49,11.96,14.99,15.21
14.49,11.19,14.49,12.13,12.23,14.8,15.6
14,9.98,14,11.57,11.43,15.14,14.43
13.92,9.63,13.92,11.67,10.67,14.12,12.63
13.05,10.04,13.05,11.7,11.01,14.5,12.78
13.99,10.31,13.99,12.6,11.45,15.57,14.39
14.77,10.51,14.77,12.5,11.31,15.29,14.75
14.96,10.86,14.96,12.72,11.66,15.4,14.64
15.37,11.05,15.37,12.66,11.99,15.64,14.89
15.22,10.75,15.22,12.56,11.81,15.24,15.24
15.42,11.21,15.42,13.19,12.22,15.65,15.71
15.78,11.35,15.78,13.09,12.4,15.91,15.71
15.75,11.33,15.75,12.86,12.31,15.7,15.74
15.68,11.28,15.68,12.66,12.33,15.73,15.7
15.66,11.51,15.66,12.87,12.61,16.28,16.11
15.52,11.63,15.52,13.28,12.7,16.14,15.99
13.83,9.86,13.83,12.59,10.89,14.29,13.61
13.67,9.73,13.67,12.6,10.65,14.63,13.58
14.22,10.74,14.22,12.3,11.57,14.59,14.19
14.12,10.31,14.12,11.67,11.2,14.26,14.17
15.09,10.96,15.09,12.97,11.68,15.15,15.32
14.93,10.66,14.93,12.53,11.87,15.66,15.22
14.8,10.71,14.8,12.29,11.65,15.2,14.9
14.38,10.41,14.38,12.09,11.42,14.57,14.66
14.36,9.91,14.36,11.95,10.61,14.33,13.8
14.28,10.44,14.28,11.55,10.91,14.5,13.81
13.94,10.45,13.94,11.73,11.3,14.88,14.68
14.23,11.11,14.23,12.86,12.03,15.35,15.37
14.31,10.94,14.31,12.8,11.94,15.85,15.44
14.96,11.17,14.96,12.6,12.6,15.41,15.66
13.62,9.58,13.62,10.97,10.72,13.5,13.93
13.08,9.02,13.08,10.3,10.04,12.98,13.83
13.15,9.27,13.15,9.86,10.35,13.16,13.77
13.29,9.41,13.29,10.1,10.53,13.05,13.77
13.51,9.58,13.51,10.56,10.65,13.26,13.55
13.46,10.08,13.46,10.7,10.75,13.49,14.23
13.04,10.13,13.04,12.28,11.15,14.53,14.02
12.71,10.42,12.71,12.05,11.33,13.91,14.23
13.14,10.01,13.14,11.91,11.12,14.44,14.01
13.81,10.3,13.81,11.92,11.13,14.69,14.62
11.53,8.35,11.53,9.51,9.21,11.93,11.85
10.49,7.7,10.49,8.77,8.6,11.01,11.18
9.49,6.75,9.49,7.3,8,9.56,10.01
9.83,6.93,9.83,7.25,8.04,9.39,10.21
9.95,7.06,9.95,7.59,7.9,9.53,10.21
8.88,6.64,8.88,8.05,7.28,9.63,9.13
9.05,6.89,9.05,7.34,8.15,9.6,10.42
7.74,5.41,7.74,6.31,6.35,8.3,8.18
6.8,5.18,6.8,4.92,5.88,7.3,7.15
6.78,5.13,6.78,3.86,5.9,7.06,7
6.55,4.93,6.55,4.79,5.97,6,7.64
6.66,5.19,6.66,5.36,6.22,6.91,8.32
6.27,5.13,6.27,4.9,6.07,6.55,7.8
6.17,5.63,6.17,4.58,6.21,6.17,7.37
5.44,4.39,5.44,4.17,4.8,5.43,6.43
5.29,4.18,5.29,3.52,4.66,5.61,5.73
4.74,3.92,4.74,3,4.76,4.86,5.95
4.74,3.78,4.74,3.04,4.81,4.46,5.98
5.23,3.71,5.23,2.78,4.62,4.23,5.77
5.86,4.31,5.86,3.25,5.21,4.78,6.62
6.09,4.45,6.09,4.16,5.37,5.32,6.84
5.1,3.96,5.1,4.05,4.44,5,5.57
5.75,4.58,5.75,4.06,5.43,5.35,6.57
5.25,4.04,5.25,3.46,4.92,4.71,5.98
4.53,3.38,4.53,3.83,4.3,3.98,5.3
4.53,3.6,4.53,3.2,4.21,4.09,5.54
4.53,3.82,4.53,3.28,4.26,4.6,5.08
4.4,3,4.4,2.61,3.84,4.21,5.07
3.93,2.75,3.93,1.88,3.78,3.37,4.89
3.82,2.94,3.82,2.24,3.43,3.43,4.08
3.94,2.8,3.94,2.73,3.68,3.52,4.47
3.78,2.53,3.78,1.93,3.52,2.98,4.21
3.72,2.75,3.72,1.8,3.51,3.04,4.25
3.89,3,3.89,2.09,3.8,3.41,4.68
4.15,3.1,4.15,2.35,3.94,3.56,4.84
4.46,3.27,4.46,2.57,4.1,3.82,5.03
4.48,3.26,4.48,2.34,4.12,3.98,5.09
4.31,3.04,4.31,2.22,3.91,3.86,4.83
4.12,2.87,4.12,2.02,3.74,3.72,4.62
3.87,2.66,3.87,1.74,3.53,3.45,4.34
3.18,2.16,3.18,1.41,2.96,3.09,3.73
3.09,2.67,3.09,1.65,3.01,3.59,4.01
2.5,2.5,2.5,1.04,3.08,2.93,3.52
2.07,2.21,2.07,1.33,2.62,2.93,3.19
4.17,4.23,4.17,2.47,2.83,5.42,6.17
2.8,3.51,2.8,1.94,1.82,4.78,5.76
2.19,3.1,2.19,2.11,1.78,4.48,4.95
1.87,2.88,1.87,1.58,2.04,4.05,4.33
2.62,2.99,2.62,2.1,2.78,4.21,4.33
2.51,3.11,2.51,2.46,3.32,4.07,4.64
2.55,3.17,2.55,2.42,3.36,3.95,5.22
1.84,2.87,1.84,1.99,3.37,4.39,5.45
1.93,2.53,1.93,2.22,2.98,3.25,3.93
3.29,3.53,3.29,2.58,4.06,4.46,5.17
4,3.82,4,3.14,5.03,4.66,6.46
4.04,3.97,4.04,3.33,5.36,4.92,6.85
4.11,4.46,4.11,3.58,6.35,5.5,7.67
3.31,4.29,3.31,3.35,6.51,5.49,7.83
3.26,4.02,3.26,3.08,6.68,5.5,7.72
3.69,3.72,3.69,3.04,6.47,5.27,7.6
2.9,3.05,2.9,2.28,5.28,4.37,6.82
3.93,3.5,3.93,2.69,5.76,4.34,6.8
5.22,3.84,5.22,3.58,6.07,5.28,7.43
6.39,4.17,6.39,3.96,7.1,5.8,8.12
7.1,4.54,7.1,4.13,7.99,5.87,9.18
7.93,4.47,7.93,4.23,8.35,5.84,10.06
8.81,4.61,8.81,4.41,8.53,6.19,10.13
8.76,4.53,8.76,4.27,8.12,5.92,9.91
9.22,5.04,9.22,4.67,8.33,6.28,9.89
9.35,5.15,9.35,4.68,8.22,6.3,10.12
9.83,5.6,9.83,4.7,8.51,6.39,10.29
8.97,5.18,8.97,4.43,7.58,5.53,9.36
8.7,5.02,8.7,4.53,6.85,5.47,8.9
8.76,5.19,8.76,5.26,7.01,6.28,9.36
9.18,5.9,9.18,5.02,7.68,6.36,9.51
9.78,6.3,9.78,5.56,8.24,6.45,10.28
10.83,6.72,10.83,6.08,9.06,7.29,11.17
10.95,6.69,10.95,6.3,8.75,7.26,10.53
11.1,6.69,11.1,6.52,8.8,7.37,10.62
10.74,6.63,10.74,6.57,8.58,7.3,10.37
10.38,6.53,10.38,6.38,8.46,7.06,10.35
10.56,6.91,10.56,6.76,8.96,7.69,10.65
11.23,7.19,11.23,7.18,9.33,8.4,11.12
11.39,7.22,11.39,7.15,9.38,8.52,11
10.99,7.11,10.99,7.28,9.3,8.26,10.75
10.84,7.26,10.84,7.61,9.41,8.53,11.06
10.56,6.38,10.56,6.13,8.84,8.03,10.88
9.02,5.82,9.02,5.22,7.89,6.88,9.53
7.75,4.99,7.75,5.2,6.5,6.2,8.21
7.63,5.37,7.63,5.33,6.7,6.66,7.71
7.64,5.21,7.64,4.49,6.71,6.06,7.59
7.93,5.25,7.93,5.27,6.92,6.5,8.43
9.36,6.84,9.36,6.83,8.49,8.06,10.09
11.38,8.07,11.38,8.03,10.06,10.05,11.97
11.93,7.77,11.93,8.46,9.85,10.51,11.9
12.2,7.94,12.2,8.92,9.97,10.74,11.96
12.43,8.46,12.43,9.43,10.61,11.06,11.94
13.11,8.89,13.11,9.69,11.08,11.68,12.63
12.03,7.65,12.03,9.27,9.73,10.96,11.17
11.53,7.9,11.53,8.59,10.02,10.39,11.21
10.95,7.02,10.95,8.01,8.99,9.93,10.36
10.94,8.05,10.94,8.31,9.9,10.3,11.15
11.71,8.38,11.71,8.54,10.29,10.72,11.33
12.46,8.61,12.46,9.08,10.62,11.14,11.83
13.5,9.39,13.5,10.19,11.6,12.17,13.11
14.28,9.6,14.28,11.2,11.91,13.12,13.57
14.79,10.15,14.79,12.29,12.32,14.16,13.46
15.03,10.21,15.03,12.32,12.43,14.38,13.67
15.24,10.51,15.24,12.29,12.71,14.75,13.98
15.71,10.88,15.71,12.62,13.16,14.96,14.33
16.26,11.19,16.26,12.92,13.57,15.5,14.86
16.46,11.14,16.46,13.23,13.62,15.84,15.25
15.03,10.13,15.03,12.25,12.33,13.99,14.3
14.75,10.8,14.75,12.66,12.91,14.29,14.83
15.79,11.04,15.79,13.13,13.36,15.49,15.09
16.37,11.23,16.37,13.5,13.34,16.09,15.77
16.78,11.67,16.78,13.59,13.86,16.12,15.87
17.8,12.34,17.8,14.69,14.93,17.46,16.88
17.7,12.08,17.7,13.62,14.46,16.7,16.25
16.85,11.47,16.85,13.2,14.05,16.42,16.11
16.25,11.12,16.25,13.59,13.57,16.14,15.75
15.65,11.01,15.65,13.08,12.99,15.63,15.31
15.88,11.21,15.88,13.02,13.21,15.68,15.29
16.09,11.35,16.09,13.09,13.41,15.89,15.53
15.59,10.93,15.59,13.61,12.84,15.79,14.91
15.71,11.45,15.71,14.1,13.45,15.79,15.9
16.3,11.89,16.3,14.02,14.36,16.99,16.6
15.81,11.17,15.81,13.24,13.26,15.43,15.22
14.6,10.06,14.6,11.7,11.93,13.73,14.19
14.77,10.36,14.77,11.83,12.18,14.02,14.53
15.49,11.08,15.49,12.5,12.87,14.78,15.58
15.56,10.51,15.56,13.08,12.58,15.45,15.41
15.66,10.99,15.66,14.06,12.74,16.06,14.84
15.69,10.44,15.69,13.38,12.58,16.4,15.26
14.73,10.89,14.73,12.54,12.57,15.12,15.28
15.5,11.6,15.5,12.91,13.51,15.5,16.56
16.1,11.49,16.1,13.73,13.54,16.92,17.21
16.59,11.68,16.59,12.9,13.52,17.14,16.73
15.63,10.52,15.63,13.71,12.19,16.46,15.38
15.14,10.88,15.14,13.04,12.54,15.84,15.45
15.36,10.74,15.36,13.35,12.63,16.21,15.04
15.97,11.68,15.97,12.92,13.39,13.82,14.66
16.11,11.06,16.11,12.55,13.26,14.56,14.73
15.16,10.31,15.16,12.66,12.33,14.6,14.78
15.18,11.07,15.18,12.65,12.55,15.16,15.48
15.32,11.4,15.32,12.88,13.16,16.07,16.11
14.81,10.2,14.81,13.13,12.18,15.82,15.12
13.76,9.68,13.76,12.02,11.49,14.35,13.92
13.42,10.22,13.42,11.9,11.88,13.82,14.75
13.97,10.6,13.97,11.04,12.07,13.66,14.8
14.28,10.67,14.28,11.58,12.15,14.54,15.08
14.81,10.59,14.81,12.29,12.27,14.95,15.2
15.12,10.84,15.12,12.68,12.49,15.03,15.49
15.04,9.92,15.04,12.38,11.6,14.55,14.8
14.02,9.24,14.02,11.96,10.63,13.97,13.87
13.92,10.19,13.92,12.09,11.74,14.2,14.31
11.38,7.03,11.38,9.13,8.41,11.42,10.34
10.34,7.93,10.34,8.81,8.56,10.87,10.02
10.27,8.12,10.27,8.6,9.28,10.93,11.41
10.54,7.66,10.54,9.27,9.1,10.79,11.31
12.09,9.16,12.09,9.66,10.44,12.19,12.82
13.22,9.94,13.22,10.37,11.43,13.18,14.02
13.83,9.94,13.83,11.23,11.6,13.85,14.2
13.96,9.89,13.96,11.5,11.38,14.25,14.41
14.68,10.29,14.68,10.77,11.9,14.39,15.04
13.68,9.63,13.68,10.17,11.14,13.24,14.02
12.44,8.79,12.44,9.67,10.29,11.96,12.8
12.29,8.7,12.29,9.5,10.05,11.86,12.69
11.96,8.4,11.96,8.68,9.79,11.44,12.26
11.08,7.64,11.08,7.73,8.96,10.25,11.2
11.23,7.78,11.23,8.18,9.01,10.38,11.37
11.44,7.97,11.44,8.57,9.18,10.77,11.62
11.41,8.1,11.41,8.78,9.26,11.26,11.85
11.48,8.31,11.48,9.03,9.34,11.33,11.84
11.38,8.12,11.38,8.8,9.19,11.14,11.79
10.85,7.64,10.85,7.44,8.81,10.45,11.14
9.93,6.75,9.93,6.37,8.04,9.21,10.31
9.2,6.2,9.2,5.78,7.37,8.28,9.55
9.6,6.85,9.6,6.58,7.82,8.95,9.9
10.16,7.44,10.16,7.2,8.31,9.85,10.58
10.52,7.59,10.52,7.84,8.54,10.23,11.22
11.52,9.28,11.52,9.06,9.93,11.52,12.81
11.17,8.61,11.17,9.3,9.38,11.71,11.84
10.9,8.56,10.9,9.84,9.29,12.5,12.47
11.06,8.34,11.06,9.61,9.32,12,12.03
11.71,8.7,11.71,9.44,9.78,12.04,12.57
10.94,8.1,10.94,9.35,9.1,11.64,11.78
11.51,9.01,11.51,10.47,9.77,13.32,12.68
11.9,8.65,11.9,10.42,9.57,12.71,12.18
11.93,8.96,11.93,10.4,9.95,12.76,12.64
11.64,8.64,11.64,9.7,9.63,12.16,12.36
11.63,8.6,11.63,9.81,9.56,12.41,12.63
10.91,8.08,10.91,8.31,8.83,11,11.57
10.58,8.24,10.58,8.84,8.95,11.36,11.03
9.79,7.64,9.79,8.36,8.66,10.54,9.59
9.09,6.72,9.09,7.56,8.11,9.2,9.57
7.73,5.77,7.73,6.23,6.96,7.76,8.59
7.34,5.48,7.34,5.24,6.38,7.45,7.76
7.48,5.48,7.48,4.95,6.47,7.25,7.91
7.94,5.94,7.94,5.1,6.83,7.68,8.54
8.69,6.72,8.69,6.42,7.77,8.62,9.77
8.94,6.62,8.94,6.75,7.68,9.04,9.71
8.98,6.44,8.98,6.74,7.56,8.96,9.6
8.48,5.86,8.48,6.56,6.91,8.5,8.66
8.27,5.95,8.27,6.17,6.87,8.4,8.47
7.91,5.62,7.91,5.84,6.62,7.87,8.22
7.17,5.25,7.17,5.17,6.1,7.37,7.77
6.58,5.21,6.58,5.05,6.37,7.43,8.09
6.41,4.76,6.41,4.7,5.8,6.73,7.38
6.56,4.92,6.56,5.61,5.68,6.97,7.16
6.28,4.66,6.28,5.61,5.35,7.52,6.85
4.95,4.05,4.95,3.99,4.54,5.89,5.6
4.71,4.06,4.71,3.76,4.58,5.13,5.96
6.02,4.79,6.02,4.61,5.72,6.49,7.38
5.94,4.23,5.94,4.15,5.19,6.1,6.59
6.07,4.3,6.07,4.3,5.32,6.44,6.77
5.99,4.08,5.99,4.49,5.28,6.85,6.96
5.17,4.24,5.17,4.44,4.97,5.13,5.88
5.45,4.69,5.45,4.47,5.42,6.05,6.99
5.42,4.97,5.42,4.33,5.71,6.25,7.89
4.98,4.01,4.98,4.16,4.53,5.62,5.91
4.51,3.6,4.51,3.72,4.47,5.79,5.6
3.73,2.77,3.73,2.54,3.9,4.28,4.35
3.59,2.39,3.59,2.19,3.62,3.73,4.17
4.54,3.93,4.54,3.41,4.62,5,5.44
5,4.25,5,3.72,4.94,5.45,5.97
6.98,4.91,6.98,5.09,6.45,6.29,8.52
6.68,4.86,6.68,4.66,6.32,5.93,8.3
6.88,4.64,6.88,5.11,6.22,6.09,8.21
7.97,5.23,7.97,5.32,6.96,6.74,8.83
6.3,4.09,6.3,3.39,5.45,4.67,7.2
5.54,4.24,5.54,3.49,5.41,5.3,6.87
7.25,5.6,7.25,4.77,7.13,6.91,7.91
7.38,5.47,7.38,5.33,7.11,6.39,8.46
7.92,5.68,7.92,5.57,7.18,6.55,8.68
7.08,4.88,7.08,5.11,6.4,5.76,8.21
6.4,4.77,6.4,5.2,5.99,6.26,7.6
7.31,5.63,7.31,5.17,7.21,6.68,8.5
8.05,5.87,8.05,4.55,7.46,6.78,9.15
6.86,5.01,6.86,4.51,6.48,6.13,8.09
7.14,5.33,7.14,4.59,6.46,6.71,8.3
8.13,5.67,8.13,5.22,6.99,7,9.01
7.81,5.66,7.81,5.3,7.17,7.06,8.86
8.02,5.93,8.02,6.01,7.38,7.14,8.91
8.19,5.78,8.19,5.91,7.08,7.03,8.69
8.06,6.15,8.06,6.22,7.78,7.95,9.27
8.61,6.16,8.61,5.84,7.87,8.07,9.62
9.85,6.7,9.85,6.68,8.25,9,10.06
10.33,6.96,10.33,6.37,8.82,9.1,10.18
10.11,6.47,10.11,5.88,8.46,8.27,10.23
9.87,6.51,9.87,6.91,8.31,8.71,10.35
9.1,5.85,9.1,6.29,7.53,7.69,9.7
9.09,6.5,9.09,6.29,8.13,8.86,9.66
10.56,7.34,10.56,7.9,9.07,9.67,11.14
10.04,6.84,10.04,8.34,8.55,9.62,10.62
11.28,8.37,11.28,9.21,10.09,11.39,11.9
10.96,7.08,10.96,8.76,8.71,10.46,10.36
10.62,7.24,10.62,7.94,8.81,9.78,9.85
10.63,7.01,10.63,7.76,8.48,9.85,10.29
11.05,7.33,11.05,8.43,8.89,9.97,10.64
11.15,7.91,11.15,9.3,9.55,10.66,11.08
11.73,8.43,11.73,10.06,10.08,12.2,12.39
13.82,9.09,13.82,10.96,11.47,13.32,13.42
15.14,10.41,15.14,12.02,12.71,14.43,14.6
15.17,9.73,15.17,11.68,12.26,14.29,13.99
13.39,8.43,13.39,11.33,10.04,13.57,12.06
14.58,10.06,14.58,11.83,11.66,14.39,13.17
15.03,10.17,15.03,11.61,12.28,14.19,14.27
14.04,9.41,14.04,10.44,11.36,12.77,13.16
13.21,9.01,13.21,10.22,10.86,12.16,12.79
13.19,9.5,13.19,10.45,11.18,12.31,13.46
14.24,9.92,14.24,11.61,11.84,13.51,14.49
14.12,9.91,14.12,12.03,11.57,13.76,14.4
13.72,9.56,13.72,11.5,11.38,13.32,14.08
14.29,10.43,14.29,11.73,12.26,14.13,14.67
14.39,10.04,14.39,11.41,11.94,14.04,14.03
13.71,9.37,13.71,11.05,11.02,13.21,13.67
14.32,10.19,14.32,11.04,11.85,13.65,14.58
15.04,10.49,15.04,12,12.37,14.29,15.15
15.23,10.68,15.23,12.25,12.58,14.38,14.86
15.94,11.64,15.94,12.92,13.57,15.4,16.15
17.19,12.36,17.19,13.71,14.44,16.54,17.31
17.74,12.47,17.74,14.66,14.65,17.26,17.55
18.36,12.56,18.36,15.26,14.87,17.97,17.69
19.01,13.1,19.01,16.04,15.13,18.66,18.28
19.13,13.82,19.13,16.56,16.04,19.49,19.01
18.67,13.32,18.67,16.01,15.42,18.93,18.2
18.53,13.09,18.53,15.58,15.14,18.25,18.16
18.52,13.15,18.52,15.43,14.95,18.32,18.29
18.37,12.95,18.37,15.33,14.64,17.64,17.84
16.26,10.74,16.26,14.9,12.63,16.5,15.36
15.45,10.91,15.45,14.96,12.44,16.77,14.63
16.01,10.7,16.01,13.38,12.44,15.98,15.4
14.92,10.01,14.92,13.2,11.64,14.51,14.76
14.25,10,14.25,12.69,11.4,13.98,14.68
13.74,9.75,13.74,11.87,11.06,14.36,14.34
13.37,10.55,13.37,12.59,12.14,14.51,14.73
14.32,11.43,14.32,13.52,12.69,15.03,16.23
15.01,10.28,15.01,12.11,11.56,14.44,14.6
13.84,10.35,13.84,12.14,11.39,14.48,14.52
15.17,11.07,15.17,12.54,12.64,15.48,16
15.58,11.27,15.58,12.34,12.72,15.48,15.99
15.07,10.53,15.07,12.72,12.13,15.31,14.86
13.26,8.54,13.26,11.95,10.41,13.7,13.88
13.8,10.39,13.8,13.11,11.54,14.26,14.71
15.87,11.55,15.87,13.63,13.31,15.77,16.34
16.27,11.69,16.27,14.39,13.4,16.48,16.77
16.33,12.15,16.33,14.87,13.4,16.61,16.12
16.45,12.41,16.45,14.6,13.83,16.83,16.59
16.05,11.28,16.05,13.93,12.7,16.14,15.8
15.65,10.65,15.65,13.42,11.93,15.72,15.28
15.22,10.83,15.22,12.66,12.31,15.73,15.74
13.65,9.07,13.65,11.87,10.45,14.21,14.01
13.09,9.87,13.09,10.68,10.83,13.08,13.7
14.83,10.78,14.83,11.82,12.04,14.33,15.1
15.96,11.3,15.96,13.13,12.91,15.59,16.28
16.79,12.2,16.79,13.81,13.49,15.89,17.09
16.92,12.13,16.92,14.48,13.41,16.62,16.83
17.06,12.31,17.06,14.7,13.6,17.42,17.16
15.8,11.51,15.8,13.9,12.58,16.1,15.97
15.69,12,15.69,13.97,13.07,16.36,16.95
15.08,10.11,15.08,12.99,11.14,15.53,14.67
14.71,11.61,14.71,12.22,12.38,14.85,15.42
14.38,10.27,14.38,11.83,11.41,14.13,14.61
14.35,10.48,14.35,12.03,11.64,14.63,14.81
14.4,10.2,14.4,12.78,11.41,15.07,15.46
14.85,10.79,14.85,12.52,11.7,14.97,15.05
15.39,11.53,15.39,13.53,12.38,15.55,15.95
17.17,12.51,17.17,15.57,13.74,17.25,17.65
16.95,11.61,16.95,13.81,12.71,17.01,17.37
17.42,12.54,17.42,15.06,13.66,17.95,18.03
15.94,11.41,15.94,14.13,12.78,16.41,16.12
14.77,10.62,14.77,12.33,11.67,14.81,14.8
14.45,10.47,14.45,11.55,11.41,14.09,14.36
14.19,10.32,14.19,11.65,11.15,13.82,14.2
14.15,10.39,14.15,11.56,11.23,13.63,14.65
14.4,10.62,14.4,11.89,11.49,14.41,14.76
14.39,10.54,14.39,11.74,11.33,14.43,14.34
13.75,9.99,13.75,10.84,11.02,13.62,14.34
13.83,9.96,13.83,10.88,10.86,13.41,14.01
14.48,10.54,14.48,11.44,11.34,14.03,14.6
14.5,10.86,14.5,12.05,11.59,14.71,14.74
15.01,11.09,15.01,12.84,11.72,15.12,14.83
15.71,11.85,15.71,13.96,12.15,16.33,15.28
14.31,10.05,14.31,12.08,10.72,14.7,13.83
14.48,11.62,14.48,12.8,12.17,15.17,15.08
13.98,10.56,13.98,11.87,11.58,13.81,14.83
13.13,9.71,13.13,10.77,10.56,13.36,13.58
13.34,9.9,13.34,11.1,10.8,13.37,13.83
12.65,9.25,12.65,11.03,10.1,12.98,13.29
11.93,9.33,11.93,9.89,10.03,11.6,12.42
11.84,8.54,11.84,8.85,9.25,11.71,11.87
10.25,7.01,10.25,7.17,7.99,10.09,10.48
9.2,6.75,9.2,7.05,7.75,9.19,9.83
9.86,7.11,9.86,8.09,8.11,9.62,10.33
10.63,7.78,10.63,8.23,8.62,10.31,11.02
11.72,8.6,11.72,9.21,9.5,11.59,12.12
12.34,8.94,12.34,9.73,9.8,12.14,12.63
12.58,9.04,12.58,9.9,9.9,12.36,12.8
12.63,9.02,12.63,10.19,9.82,12.69,12.75
12.95,9.6,12.95,10.75,10.25,13.28,13.1
10.63,7.16,10.63,8.9,7.56,10.85,9.86
9.96,7.54,9.96,8.48,8.16,10.78,9.99
9.19,6.83,9.19,7.62,7.99,9.75,9.86
8.25,5.83,8.25,7.32,6.91,8.83,9.07
8.71,6.82,8.71,7.74,7.77,9.29,9.59
9.47,6.83,9.47,7.18,7.87,9.06,9.9
10.28,7.45,10.28,7.96,8.5,10,10.67
10.73,7.78,10.73,8.42,8.85,10.66,11.29
10.73,7.63,10.73,8.33,8.75,10.56,11.13
10.86,7.78,10.86,8.53,8.88,10.88,11.32
10.35,7.26,10.35,8.12,8.34,10.38,10.74
10.58,7.85,10.58,8.36,8.75,10.95,11.32
11.14,8.48,11.14,9.27,9.14,11.9,11.81
10.47,7.66,10.47,9.55,8.53,10.78,11.05
10.02,7.02,10.02,7.61,7.97,9.91,10.47
9.81,6.76,9.81,7.3,7.84,9.53,10.19
9.52,6.66,9.52,7.48,7.52,9.01,9.69
10.65,8.53,10.65,9.07,9.09,11.37,11.27
10.55,8.34,10.55,9.18,9.18,11.49,10.87
8.59,5.85,8.59,7.51,6.67,8.92,8.74
8.57,6.3,8.57,6.74,7.08,8.67,9.14
8.93,6.4,8.93,6.31,7.36,8.55,9.5
9.05,6.4,9.05,6.12,7.43,8.65,9.5
8.05,5.74,8.05,6.45,6.53,8.27,8.69
9.07,6.94,9.07,8.12,7.79,9.74,10.14
9.53,6.99,9.53,7.82,7.89,10.09,10.13
9.52,6.79,9.52,7.79,7.71,9.8,9.91
9.38,6.73,9.38,7.59,7.8,9.67,9.86
7.91,5.17,7.91,6,6.33,7.4,8.01
7.88,5.49,7.88,5.88,6.5,7.62,8.18
7.79,5.4,7.79,5.7,6.43,7.61,8.15
7.52,5.2,7.52,5.42,6.18,7.21,7.82
7.39,5.08,7.39,5.23,6.11,7.08,7.73
7.05,4.82,7.05,5.51,5.73,6.85,7.27
8.5,7.26,8.5,7.65,7.63,9.55,9.94
8.57,6.95,8.57,7.1,7.52,9.64,9.52
7.69,6.43,7.69,6.27,6.96,8.5,8.97
6.58,4.95,6.58,4.82,5.66,6.69,7.22
5.59,4.08,5.59,3.94,4.87,5.64,6.2
4.88,3.45,4.88,3.13,4.42,5.41,5.48
4.84,3.7,4.84,3.28,4.5,5.44,5.52
4.84,4.01,4.84,3.57,4.53,5.71,5.43
4.88,4.11,4.88,3.57,4.61,5.88,6.07
4.77,3.41,4.77,3.63,4.45,4.95,5.28
3.74,2.85,3.74,2.61,3.49,3.96,4.02
4.74,4.04,4.74,3.35,4.86,5.67,5.45
2.91,2.11,2.91,2.35,2.82,3.56,3.11
4.92,4.25,4.92,4.58,6.24,5.88,8.02
5.27,4.31,5.27,4.8,6.81,6.06,8.76
5.07,4.03,5.07,4.51,6.49,5.81,8.57
5.36,4.03,5.36,4.62,6.56,5.86,8.78
5.19,3.71,5.19,4.25,5.99,5.76,7.97
6.41,3.88,6.41,4.73,6.97,6.28,8.31
7.66,4.09,7.66,5.19,7.27,6.47,8.42
4.83,3.1,4.83,3.25,5.13,4.26,6.97
5.28,3.59,5.28,3.34,5.06,4.75,6.16
6.72,4.34,6.72,4.25,6.13,5.27,7.39
7.83,4.84,7.83,5.29,7.06,6.1,8.83
8.78,5.23,8.78,5.82,7.74,6.72,9.47
8.75,5.05,8.75,5.13,7.45,6.47,9.14
7.37,4.18,7.37,3.5,6.66,5.65,8.56
6.7,4.51,6.7,4.28,6.62,6.04,7.68
8.46,5.42,8.46,5.67,7.74,6.88,9.45
10.16,5.87,10.16,6.28,8.38,7.3,10.29
9.1,4.9,9.1,5.78,7.4,6.79,8.83
5.74,3.65,5.74,4.2,4.76,4.91,6.24
5.35,4.08,5.35,4.17,5.46,4.7,6.63
5.66,4.44,5.66,4.57,6.07,4.84,7.15
6.16,4.46,6.16,4.26,5.64,5.05,6.91
6.27,4.75,6.27,4.97,5.85,5.52,7.25
7.7,5.46,7.7,5.25,7.08,7.09,8.5
8.14,5.45,8.14,5.19,7.36,6.49,9.2
8.31,5.88,8.31,5.82,7.58,6.83,9.6
8.65,6.14,8.65,6.03,7.82,6.99,9.6
8.92,6.06,8.92,6.54,7.93,7.02,9.8
9.49,6.75,9.49,6.91,8.64,7.74,10.35
10.32,6.99,10.32,6.97,9.11,7.99,11.03
10.4,6.89,10.4,7.38,9.06,8.42,11.26
9.95,6.67,9.95,6.59,8.83,8.01,10.73
11.09,7.73,11.09,7.04,10.12,9.27,11.86
12.72,8.1,12.72,8.4,10.78,10.24,12.81
12.98,7.65,12.98,9.23,10.84,10.81,13.31
12.13,6.73,12.13,9.1,9.44,10.49,12.14
12.04,7.62,12.04,9.11,9.96,10.68,11.29
13.07,8.1,13.07,9.91,10.64,11.74,12.37
13.18,7.87,13.18,9.34,10.65,11.57,12.28
12.49,7.93,12.49,8.6,10.2,10.69,12.08
11.74,7.31,11.74,8.43,9.54,10.44,11.11
10.98,7.18,10.98,7.9,9.03,9.47,10.88
11.57,7.92,11.57,8.53,9.87,10.08,11.84
9.82,6.26,9.82,7.2,8.25,9.17,10.08
7.22,5.08,7.22,5.77,6.47,7.06,8.33
7.15,5.27,7.15,5.35,7.09,7.18,8.89
8.61,6.62,8.61,6.74,8.31,7.96,10.2
10.55,7.4,10.55,7.52,9.55,9.82,11.34
11.2,7.95,11.2,7.99,9.99,9.87,11.88
12.8,9.03,12.8,9.4,11.08,11.53,13.04
13.63,9.42,13.63,10.34,11.56,12.48,13.35
13.54,9.23,13.54,10.17,11.32,12.17,13.08
14.15,9.79,14.15,10.86,11.89,13.13,13.79
13.82,9.17,13.82,9.87,11.38,12.84,13.27
12.65,8.51,12.65,9,10.39,11.31,12.32
13.44,9.29,13.44,10.23,11.24,12.21,13.31
14.66,10.08,14.66,11.63,12.25,13.77,14.41
15.58,10.75,15.58,12.65,12.85,14.77,15.21
15.82,10.62,15.82,12.79,12.97,15.08,15.41
16.64,10.96,16.64,13.57,13.45,16.05,16.1
16.75,10.97,16.75,13.67,13.4,15.84,16.13
15.97,10.72,15.97,12.19,12.9,15.08,15.48
15.71,11.1,15.71,12.27,13.21,15.42,15.68
15.09,10.45,15.09,11.82,12.46,14.8,14.51
13.75,9.57,13.75,11.07,11.41,13.52,13.46
13.21,8.82,13.21,11.01,10.49,13.22,13.28
13.11,9.19,13.11,10.12,10.88,12.4,13.47
13.88,9.89,13.88,10.96,11.61,13.3,14.48
12.58,8.72,12.58,10.33,10.28,13.32,14.03
11.15,7.56,11.15,8.2,9.38,10.46,12.26
10.56,7.83,10.56,7.31,9.43,10.05,12.46
11.35,8.35,11.35,7.63,9.99,10.47,13.04
12.81,9.31,12.81,8.77,10.68,11.94,13.82
14.13,10.03,14.13,10.45,11.63,13.4,14.61
14.77,10.47,14.77,11.56,12.08,14.27,15.44
14.81,10.22,14.81,11.07,11.87,14.18,14.89
14.64,10.17,14.64,11.25,11.81,13.88,14.71
15.56,11.05,15.56,11.98,12.66,15.16,15.54
15.46,10.91,15.46,12.45,12.53,15.03,15.36
15.78,11.31,15.78,12.9,12.95,15.46,15.69
15.48,11.03,15.48,13.07,12.73,15.46,16.06
15.9,11.23,15.9,12.8,12.89,15.82,16.04
15.67,10.83,15.67,12.29,12.48,15.43,15.36
15.74,11.11,15.74,12.61,12.75,15.43,15.86
15.9,11.24,15.9,13.42,12.93,16.11,15.88
16.1,10.59,16.1,13.98,12.32,15.99,15.88
16.73,9.2,16.73,14.27,13,16.86,16.1
17.03,11.59,17.03,14.33,13.47,17.01,16.65
17.22,11.7,17.22,14.33,13.6,17.17,16.81
16.95,11.58,16.95,14.45,13.46,17.02,16.64
16.2,11.15,16.2,13.58,12.97,16.2,16.06
15.37,10.7,15.37,12.66,12.44,15.15,15.43
15.46,10.58,15.46,12.67,12.3,15.19,15.26
15.31,10.42,15.31,12.14,12.12,14.97,15.05
14.56,10.28,14.56,11.98,11.96,14.88,14.85
15.5,10.51,15.57,12.32,12.23,15,15.18
15.8,10.71,15.87,13.45,12.46,16.22,15.45
15.02,10.19,15.08,11.83,11.85,13.65,14.73
14.69,9.96,14.75,11.88,11.59,13.81,14.42
14.3,9.71,14.36,11.13,11.29,13.6,14.06
13.99,9.5,14.05,10.17,11.05,13.2,13.78
14.22,9.65,14.28,10.46,11.23,13.75,13.99
14.77,10.02,14.83,11.44,11.65,14.59,14.49
15.17,10.29,15.24,11.87,11.97,14.87,14.87
15.5,10.51,15.57,12.86,12.22,14.84,15.17
15.53,10.53,15.6,13.05,12.24,14.46,15.2
15.39,10.43,15.46,12.77,12.14,14.32,15.07
15.17,10.29,15.24,12.14,11.97,14.1,14.87
